topic_id,Topic 1 Label,Topic 1 URL,Topic 2 Label,Topic 2 URL,Number,File,Distribution,token1,token2,token3,token4,token5,Column5,Column6,Column7,Column8,Column9,Column10,Column11,Column12,Column13,Column14,Column15,Column16,Column17,Column18,Column19
EU_en_Pres1-100_0,cereal-growing,http://eurovoc.europa.eu/318,regulation of agricultural production,http://eurovoc.europa.eu/2972,0,EU_en_Pres1-100,0.02726,cereals,amounts,wheat,products,rice,regulation,applicable,falling,compensatory,referred,barley,content,starch,exceeding,weight,dry,eec,headings,matter,
EU_en_Pres1-100_1,,,,,1,EU_en_Pres1-100,0.01816,country,recipient,european,community,economic,agreement,delivery,aid,goods,eec,article,agent,costs,loading,supply,products,port,referred,quantity,
EU_en_Pres1-100_2,,,,,2,EU_en_Pres1-100,0.0408,agreement,community,parties,negotiations,contracting,economic,party,provisions,concluded,article,agreements,delegation,joint,conclusion,force,respect,procedures,view,recommendation,
EU_en_Pres1-100_3,quantitative restriction,http://eurovoc.europa.eu/3591,,,3,EU_en_Pres1-100,0.00725,products,countries,community,tariff,preferences,states,islands,member,duties,article,imports,quotas,territories,amount,originating,ceilings,customs,generalized,maximum,
EU_en_Pres1-100_4,Portugal,http://eurovoc.europa.eu/2563,,,4,EU_en_Pres1-100,0.01728,protocol,products,originating,agreement,community,decision,joint,Portugal,article,committee,economic,definition,concerning,european,concept,force,portuguese,countries,annexed,
EU_en_Pres1-100_5,EU customs procedure,http://eurovoc.europa.eu/5842,,,5,EU_en_Pres1-100,0.01969,certificate,goods,customs,movement,authorities,article,State,form,certificates,eur,country,issued,exporter,community,provisions,exporting,products,conditions,referred,
EU_en_Pres1-100_6,budget appropriation,http://eurovoc.europa.eu/3253,,,6,EU_en_Pres1-100,0.03704,budget,financial,expenditure,appropriations,year,commission,total,resources,will,chapter,loans,article,financing,contributions,increase,investment,years,budgetary,aid,
EU_en_Pres1-100_7,European Council,http://eurovoc.europa.eu/128,,,7,EU_en_Pres1-100,0.05853,community,policy,member,states,commission,will,economic,common,european,measures,development,action,policies,council,objectives,problems,market,national,proposals,
EU_en_Pres1-100_8,labour market,http://eurovoc.europa.eu/1802,,,8,EU_en_Pres1-100,0.01514,social,workers,employment,labour,working,work,training,women,action,migrant,conditions,collective,vocational,participation,industrial,schemes,persons,living,worker,
EU_en_Pres1-100_9,product safety,http://eurovoc.europa.eu/4036,,,9,EU_en_Pres1-100,0.00865,test,gas,pressure,appliance,water,measuring,level,appliances,sound,rate,temperature,eec,tests,noise,conditions,approval,inspection,meter,type,
EU_en_Pres1-100_10,EAGGF,http://eurovoc.europa.eu/978,,,10,EU_en_Pres1-100,0.03185,aid,expenditure,amount,commission,granted,guarantee,financing,guidance,projects,agricultural,paid,EAGGF,fund,account,reimbursement,financial,respect,applications,premiums,
EU_en_Pres1-100_11,,,,,11,EU_en_Pres1-100,0.01707,law,rights,court,period,contract,authority,legal,treaty,commercial,protection,draft,provisions,european,justice,State,laws,communities,proceedings,statute,
EU_en_Pres1-100_12,hops,http://eurovoc.europa.eu/1261,,,12,EU_en_Pres1-100,0.00293,hops,reagents,area,areas,uranium,tissue,typing,varieties,northern,harvest,producer,hop,brewer,groups,aid,prospecting,reagent,de,european,
EU_en_Pres1-100_13,organisation of transport,http://eurovoc.europa.eu/2181,,,13,EU_en_Pres1-100,0.01231,transport,road,traffic,carriage,goods,vehicles,inland,tariffs,system,vehicle,services,rates,international,regulation,regulations,waterway,vessels,infrastructure,undertakings,
EU_en_Pres1-100_14,consumer protection,http://eurovoc.europa.eu/2836,,,14,EU_en_Pres1-100,0.00896,member,grouping,checks,states,members,irregularities,contract,control,regulation,national,consumer,inspection,nationals,legal,illegal,rights,carried,regulations,persons,
EU_en_Pres1-100_15,social protection,http://eurovoc.europa.eu/100214,,,15,EU_en_Pres1-100,0.01198,staff,benefits,security,employed,health,allowance,social,employment,july,family,conditions,servants,pension,officials,regulations,salary,insurance,remuneration,pensions,
EU_en_Pres1-100_16,cheese,http://eurovoc.europa.eu/1102,Spain,http://eurovoc.europa.eu/863,16,EU_en_Pres1-100,0.00828,weight,cheese,exceeding,cheese,net,content,Spain,spanish,fat,milk,subheading,products,frontier,ua,minimum,falling,annex,customs,free,
EU_en_Pres1-100_17,prices policy,http://eurovoc.europa.eu/2489,,,17,EU_en_Pres1-100,0.0721,price,prices,market,year,marketing,fixed,products,account,community,reference,common,fixing,average,amount,level,basis,product,production,threshold,
EU_en_Pres1-100_18,agricultural quota,http://eurovoc.europa.eu/2974,olive oil,http://eurovoc.europa.eu/1264,18,EU_en_Pres1-100,0.02536,agricultural,oil,products,common,rate,olive,measures,seed,agriculture,marketing,production,amounts,milk,cereals,oils,seeds,colza,rates,wheat,
EU_en_Pres1-100_19,,,,,19,EU_en_Pres1-100,0.02298,committee,commission,members,chairman,working,representatives,meetings,opinion,set,advisory,three,decision,office,meeting,member,work,representative,party,request,
EU_en_Pres1-100_20,,,,,20,EU_en_Pres1-100,0.05183,member,states,Netherlands,Italy,kingdom,Germany,Luxembourg,Ireland,Belgium,united,France,Denmark,countries,total,State,prance,number,table,national,
EU_en_Pres1-100_21,,,,,21,EU_en_Pres1-100,0.00662,vehicles,european,project,education,local,motor,EDF,educational,based,Europe,bureaux,office,number,press,Bonaire,territory,will,teachers,hotel,
EU_en_Pres1-100_22,air and space transport,http://eurovoc.europa.eu/100241,regional aid,http://eurovoc.europa.eu/976,22,EU_en_Pres1-100,0.01187,regional,regions,development,aircraft,industry,industrial,region,population,areas,employment,economic,national,european,investment,rate,sector,growth,average,total,
EU_en_Pres1-100_23,allowances and expenses,http://eurovoc.europa.eu/3557,budget appropriation,http://eurovoc.europa.eu/3253,23,EU_en_Pres1-100,0.01241,expenditure,appropriation,staff,appropriations,technical,cover,account,posts,council,expenses,article,units,chapter,scientific,officials,travel,covers,equipment,office,
EU_en_Pres1-100_24,,OCR NOISE,,,24,EU_en_Pres1-100,0.19896,cf,ii,ir,ar,en,de,er,cr,ti,il,oi,li,te,es,tha,ot,ion,cn,io,
EU_en_Pres1-100_25,farming sector,http://eurovoc.europa.eu/5886,,,25,EU_en_Pres1-100,0.01287,directive,areas,article,farming,agricultural,eec,land,farm,development,measures,farms,favoured,agriculture,commission,area,farmers,income,community,economic,
EU_en_Pres1-100_26,labelling,http://eurovoc.europa.eu/893,medicament,http://eurovoc.europa.eu/3813,26,EU_en_Pres1-100,0.00845,directive,products,product,substances,foodstuffs,acid,annex,medicinal,states,content,laws,labelling,intended,weight,provisions,plant,committee,health,member,
EU_en_Pres1-100_27,New Zealand,http://eurovoc.europa.eu/2089,milk product,http://eurovoc.europa.eu/2763,27,EU_en_Pres1-100,0.03598,milk,butter,regulation,eec,powder,skimmed,products,price,tender,article,market,invitation,fixed,processing,amended,amount,minimum,zealand,intervention,
EU_en_Pres1-100_28,,,,,28,EU_en_Pres1-100,0.00266,light,lights,bmw,Brazil,eec,coffee,illuminating,fog,reflex,lighting,Pakistan,main,signalling,reflecting,brazilian,beam,devices,headlights,soluble,
EU_en_Pres1-100_29,silk,http://eurovoc.europa.eu/4207,cotton,http://eurovoc.europa.eu/252,29,EU_en_Pres1-100,0.01034,fabrics,textile,yarn,fibres,woven,silk,garments,articles,waste,knitted,outer,cotton,crocheted,heading,falling,processing,man,products,goods,
EU_en_Pres1-100_30,citrus fruit,http://eurovoc.europa.eu/693,food processing,http://eurovoc.europa.eu/4498,30,EU_en_Pres1-100,0.01818,fruit,sugar,products,weight,ii,exceeding,heading,content,falling,excluding,net,acid,preserved,fresh,prepared,andere,citrus,bb,dried,
EU_en_Pres1-100_31,natural resources,http://eurovoc.europa.eu/3549,gas industry,http://eurovoc.europa.eu/6921,31,EU_en_Pres1-100,0.00695,project,will,equipment,oil,water,support,production,projects,community,development,gas,work,technical,COST,depths,applicant,laying,sea,well,
EU_en_Pres1-100_32,,,,,32,EU_en_Pres1-100,0.09883,number,order,time,conditions,special,general,case,carried,will,period,required,years,basis,form,based,provide,type,ensure,concerned,
EU_en_Pres1-100_33,,,,,33,EU_en_Pres1-100,0.01199,fund,assistance,decision,council,social,european,article,operations,training,february,persons,regulation,application,submitted,december,november,applications,financial,eec,
EU_en_Pres1-100_34,international cooperation,http://eurovoc.europa.eu/216,,,34,EU_en_Pres1-100,0.02372,countries,cooperation,developing,trade,development,community,international,states,associated,aid,negotiations,will,products,industrial,financial,agreements,export,measures,special,
EU_en_Pres1-100_35,regulation of agricultural production,http://eurovoc.europa.eu/2972,,,35,EU_en_Pres1-100,0.05661,community,production,increase,prices,market,world,countries,year,will,consumption,imports,situation,tons,demand,years,increased,total,price,level,
EU_en_Pres1-100_36,,,,,36,EU_en_Pres1-100,0.28336,regulation,eec,article,council,regard,commission,european,amended,applicable,force,binding,treaty,directly,entirety,enter,community,establishing,rules,economic,
EU_en_Pres1-100_37,fiscal policy,http://eurovoc.europa.eu/2504,,,37,EU_en_Pres1-100,0.03747,united,kingdom,Ireland,nederland,danmark,irish,northern,italia,ii,britain,british,land,Denmark,accession,great,rate,protective,element,fiscal,
EU_en_Pres1-100_38,sulphur,http://eurovoc.europa.eu/4218,EU environmental policy,http://eurovoc.europa.eu/5794,38,EU_en_Pres1-100,0.00855,pollution,water,environment,protection,waste,environmental,quality,effects,health,lead,pollutants,action,measures,levels,standards,substances,air,natural,sulphur,
EU_en_Pres1-100_39,meat processing industry,http://eurovoc.europa.eu/1374,,,39,EU_en_Pres1-100,0.01788,eggs,meat,poultry,gate,sluice,cuts,fat,carcases,pig,products,grain,pigmeat,feed,dried,heads,ii,feet,levies,poultrymeat,
EU_en_Pres1-100_40,,,,,40,EU_en_Pres1-100,0.00274,tho,tha,Malta,protocol,froa,produot,product,textile,produota,nnd,eur,originating,working,apply,fro,valuo,produoto,ho,producto,
EU_en_Pres1-100_41,cocoa,http://eurovoc.europa.eu/5078,,,41,EU_en_Pres1-100,0.00435,cocoa,de,member,buffer,stock,export,beans,air,certificate,par,executive,exporting,quota,organization,certifying,director,conventions,international,cacao,
EU_en_Pres1-100_42,aircraft,http://eurovoc.europa.eu/4438,,,42,EU_en_Pres1-100,0.00731,type,approval,vehicle,vehicles,directive,eec,requirements,member,seat,point,annex,states,motor,item,test,device,plane,rear,manufacturer,
EU_en_Pres1-100_43,coke,http://eurovoc.europa.eu/6027,,,43,EU_en_Pres1-100,0.00923,coal,decision,industry,ECSC,AIDS,aid,coke,undertakings,market,coking,steel,sales,company,commission,british,metric,mining,fuel,article,
EU_en_Pres1-100_44,fodder,http://eurovoc.europa.eu/4854,seed,http://eurovoc.europa.eu/4081,44,EU_en_Pres1-100,0.00815,seed,department,directive,marketing,material,species,agriculture,council,certified,plant,plants,official,seeds,june,reproductive,annex,basic,decision,fodder,
EU_en_Pres1-100_45,shareholder,http://eurovoc.europa.eu/5389,2426 financing and investment,http://eurovoc.europa.eu/100202,45,EU_en_Pres1-100,0.01016,company,board,european,employees,management,supervisory,companies,general,meeting,members,works,council,shareholders,shares,law,group,court,capital,representatives,
EU_en_Pres1-100_46,uranium,http://eurovoc.europa.eu/4617,Loading...,http://eurovoc.europa.eu/347,46,EU_en_Pres1-100,0.00681,nuclear,material,agency,materials,uranium,inventory,safeguards,Canada,euratom,balance,commission,area,solution,facility,atomic,physical,enrichment,facilities,treaty,
EU_en_Pres1-100_47,,,,,47,EU_en_Pres1-100,0.0605,article,paragraph,parliament,european,text,proposal,provisions,provision,amended,committee,second,economic,amendments,rules,social,proposed,council,articles,amendment,
EU_en_Pres1-100_48,,,,,48,EU_en_Pres1-100,0.12761,commission,council,proposal,draft,will,proposed,proposals,adopted,meeting,concerning,december,time,view,general,submitted,decision,communication,march,relating,
EU_en_Pres1-100_49,Loading...,http://eurovoc.europa.eu/4994,Loading...,http://eurovoc.europa.eu/4219,49,EU_en_Pres1-100,0.02192,tender,invitation,tenders,tenderer,agency,intervention,contract,supply,successful,port,contracts,lot,works,security,State,common,article,awarded,wheat,
EU_en_Pres1-100_50,solar energy,http://eurovoc.europa.eu/756,,,50,EU_en_Pres1-100,0.00518,contracting,agent,operating,executive,task,party,agreement,committee,parties,participants,will,agency,energy,operation,article,solar,participant,acting,development,
EU_en_Pres1-100_51,EU customs procedure,http://eurovoc.europa.eu/5842,,,51,EU_en_Pres1-100,0.01222,customs,transit,goods,office,transport,document,documents,authorities,control,declaration,destination,copy,exportation,operation,international,community,seals,formalities,number,
EU_en_Pres1-100_52,EAGGF,http://eurovoc.europa.eu/978,,,52,EU_en_Pres1-100,0.00649,project,subsidy,regulation,guidance,agricultural,eec,will,aid,fund,article,beneficiary,application,conditions,decision,granted,EAGGF,investment,european,construction,
EU_en_Pres1-100_53,textile industry,http://eurovoc.europa.eu/1418,,,53,EU_en_Pres1-100,0.00392,woven,cotton,fabrics,fibres,man,flax,articles,wool,linen,knitted,textile,gloves,garments,crocheted,animal,hair,fine,leather,heading,
EU_en_Pres1-100_54,Loading...,http://eurovoc.europa.eu/142,,,54,EU_en_Pres1-100,0.01498,energy,oil,power,electricity,community,supply,nuclear,stations,production,consumption,fuel,will,measures,gas,supplies,investment,sources,capacity,industry,
EU_en_Pres1-100_55,pulp and paper industry,http://eurovoc.europa.eu/1375,,,55,EU_en_Pres1-100,0.00741,paper,products,imports,community,ceilings,wood,pulp,duties,customs,commission,member,states,agreement,indicative,articles,protocol,ceiling,supervision,mechanical,
EU_en_Pres1-100_56,Loading...,http://eurovoc.europa.eu/1396,,,56,EU_en_Pres1-100,0.00887,apparatus,machines,products,including,parts,machinery,ii,articles,heading,rate,instruments,duty,description,falling,exceeding,electrical,electric,example,glass,
EU_en_Pres1-100_57,insurance,http://eurovoc.europa.eu/3151,,,57,EU_en_Pres1-100,0.01018,credit,insurance,insurer,contract,guarantee,amount,directive,insured,export,bank,loss,buyer,country,guarantees,risk,business,terms,payment,respect,
EU_en_Pres1-100_58,family farming,http://eurovoc.europa.eu/942,,,58,EU_en_Pres1-100,0.0039,holdings,income,farm,labour,ua,ha,family,pigs,alu,returning,purchased,poultry,type,paid,survey,land,farming,machinery,sheep,
EU_en_Pres1-100_59,emergency aid,http://eurovoc.europa.eu/881,,,59,EU_en_Pres1-100,0.02087,aid,food,countries,tons,community,programme,milk,metric,butteroil,powder,supply,commission,council,cereals,skimmed,distribution,developing,emergency,international,
EU_en_Pres1-100_60,financial management,http://eurovoc.europa.eu/1164,,,60,EU_en_Pres1-100,0.01234,group,undertaking,undertakings,accounts,article,assets,directive,annual,companies,balance,sheet,items,provisions,paragraph,consolidated,account,year,company,loss,
EU_en_Pres1-100_61,fisheries policy,http://eurovoc.europa.eu/2476,,,61,EU_en_Pres1-100,0.00649,fishing,community,species,catch,sea,measures,zone,vessels,waters,zones,coastal,fish,north,total,shipbuilding,countries,resources,conservation,will,
EU_en_Pres1-100_62,"iron, steel and other metal industries",http://eurovoc.europa.eu/100270,,,62,EU_en_Pres1-100,0.00806,including,articles,worked,heading,iron,rolled,steel,example,plates,metal,kind,paper,sheets,parts,bars,leather,chapter,coated,cold,
EU_en_Pres1-100_63,,,,,63,EU_en_Pres1-100,0.02971,programme,will,work,projects,development,field,action,technical,activities,studies,programmes,study,project,commission,national,european,working,methods,group,
EU_en_Pres1-100_64,inflation,http://eurovoc.europa.eu/1421,budget deficit,http://eurovoc.europa.eu/368,64,EU_en_Pres1-100,0.02074,economic,policy,monetary,countries,rate,will,growth,measures,term,balance,year,rates,situation,public,inflation,payments,member,deficit,exchange,
EU_en_Pres1-100_65,Bangladesh,http://eurovoc.europa.eu/4732,,,65,EU_en_Pres1-100,0.01493,community,agreement,european,economic,government,trade,Bangladesh,republic,products,letter,jute,letters,India,will,honour,article,exchange,cooperation,consideration,
EU_en_Pres1-100_66,tax law,http://eurovoc.europa.eu/561,,,66,EU_en_Pres1-100,0.0114,tax,taxable,directive,goods,services,rate,member,taxation,amount,taxes,person,transactions,excise,exemption,states,State,article,persons,supplies,
EU_en_Pres1-100_67,,,,,67,EU_en_Pres1-100,0.07014,tho,bo,tha,artiole,whioh,ho,ia,provided,counoil,aro,io,aa,application,fron,ito,tine,economio,ba,boon,
EU_en_Pres1-100_68,agricultural levy,http://eurovoc.europa.eu/2591,,,68,EU_en_Pres1-100,0.05105,export,regulation,levy,eec,rice,article,refund,market,tender,fixed,fixing,refunds,common,advance,commission,minimum,issued,invitation,cereals,
EU_en_Pres1-100_69,,,,,69,EU_en_Pres1-100,0.04685,republic,french,italian,federal,decision,Germany,german,measures,article,commission,Italy,december,apply,government,treaty,France,common,application,period,
EU_en_Pres1-100_70,Loading...,http://eurovoc.europa.eu/4256,,,70,EU_en_Pres1-100,0.01166,data,statistics,survey,processing,european,industry,statistical,community,systems,surveys,users,market,national,system,computer,software,states,sector,member,
EU_en_Pres1-100_71,silk,http://eurovoc.europa.eu/4207,textile industry,http://eurovoc.europa.eu/1418,71,EU_en_Pres1-100,0.00791,products,manufacture,product,exceed,materials,finished,originating,working,heading,processing,parts,conditions,textile,list,yarn,status,origin,headings,assembly,
EU_en_Pres1-100_72,,,,,72,EU_en_Pres1-100,0.10224,tion,pro,con,ment,tions,well,ments,sion,nity,commu,ing,de,tive,para,ting,mission,munity,current,parti,
EU_en_Pres1-100_73,Loading...,http://eurovoc.europa.eu/2644,,,73,EU_en_Pres1-100,0.0185,sugar,price,intervention,year,production,marketing,tobacco,white,prices,account,basic,beet,fixed,council,community,leaf,raw,quality,target,
EU_en_Pres1-100_74,Loading...,http://eurovoc.europa.eu/4288,,,74,EU_en_Pres1-100,0.04386,intervention,agency,storage,metric,agencies,tons,quantity,stocks,quantities,held,costs,sale,private,market,common,contract,place,conditions,provided,
EU_en_Pres1-100_75,,,,,75,EU_en_Pres1-100,0.00945,market,products,oil,article,companies,agreement,undertakings,competition,sales,trade,dealers,commission,prices,distribution,agreements,sale,japanese,concerned,consumers,
EU_en_Pres1-100_76,Loading...,http://eurovoc.europa.eu/1006,,,76,EU_en_Pres1-100,0.03359,compensatory,amounts,amount,applicable,trade,member,states,accession,products,community,third,originally,importation,constituted,countries,levied,account,article,goods,
EU_en_Pres1-100_77,fishing industry,http://eurovoc.europa.eu/1372,,,77,EU_en_Pres1-100,0.00946,products,fish,community,fishery,references,repealed,consolidation,fishing,frozen,producers,fresh,annex,listed,council,guide,industry,chilled,standards,product,
EU_en_Pres1-100_78,beef,http://eurovoc.europa.eu/4682,,,78,EU_en_Pres1-100,0.02053,beef,meat,animals,veal,bovine,premium,slaughter,frozen,animal,processing,cattle,adult,cows,premiums,community,cut,system,fresh,calves,
EU_en_Pres1-100_79,textile industry,http://eurovoc.europa.eu/1418,,,79,EU_en_Pres1-100,0.01885,products,community,imports,quantitative,trade,textiles,countries,arrangement,import,cotton,export,exports,textile,limits,quotas,annex,authorities,will,subject,
EU_en_Pres1-100_80,,,,,80,EU_en_Pres1-100,0.20484,community,european,decision,commission,regard,member,states,council,article,treaty,economic,july,establishing,concerning,june,brussels,january,december,february,
EU_en_Pres1-100_81,ECSC,http://eurovoc.europa.eu/5327,iron and steel industry,http://eurovoc.europa.eu/1417,81,EU_en_Pres1-100,0.00899,steel,will,products,treaty,ECSC,article,market,iron,undertakings,production,tonnes,high,commission,scrap,capital,decision,proposed,position,loan,
EU_en_Pres1-100_82,wine,http://eurovoc.europa.eu/4713,,,82,EU_en_Pres1-100,0.01544,wine,wines,alcohol,table,distillation,article,products,growing,quality,grape,strength,alcoholic,market,litres,regulation,produced,paragraph,origin,contracts,
EU_en_Pres1-100_83,,,,,83,EU_en_Pres1-100,0.01291,varieties,list,product,vine,class,variety,authorised,apples,de,description,recommended,und,nr,annex,andere,cct,ii,democratic,countries,
EU_en_Pres1-100_84,,,,,84,EU_en_Pres1-100,0.04754,tariff,customs,duties,common,community,duty,products,falling,subheading,countries,january,suspension,free,magnesium,autonomous,states,unwrought,imported,third,
EU_en_Pres1-100_85,monetary policy,http://eurovoc.europa.eu/2510,,,85,EU_en_Pres1-100,0.01713,amounts,compensatory,monetary,regulation,eec,amount,competent,authorities,conditions,subheading,subject,third,entry,determined,countries,imports,granted,currencies,weight,
EU_en_Pres1-100_86,customs duties,http://eurovoc.europa.eu/4078,,,86,EU_en_Pres1-100,0.01788,goods,customs,duties,processing,import,origin,authorities,taxes,products,country,free,imported,recommended,importation,practice,temporary,exportation,national,annex,
EU_en_Pres1-100_87,stock exchange,http://eurovoc.europa.eu/3233,,,87,EU_en_Pres1-100,0.0072,securities,member,authorities,directive,State,company,quotation,competent,states,ciuts,investment,official,public,admission,assets,companies,stock,shares,units,
EU_en_Pres1-100_88,EU expenditure,http://eurovoc.europa.eu/5576,,,88,EU_en_Pres1-100,0.01575,financial,year,expenditure,account,budget,article,european,appropriations,accounts,payment,commission,revenue,unit,communities,currency,payments,accounting,regulation,board,
EU_en_Pres1-100_89,,,,,89,EU_en_Pres1-100,0.09025,system,will,level,situation,time,problems,problem,large,view,national,fact,hand,cases,difficulties,case,sector,limited,difficult,general,
EU_en_Pres1-100_90,,,,,90,EU_en_Pres1-100,0.01605,directive,states,annex,provisions,laws,member,maximum,values,equipment,technical,requirements,relating,field,permissible,committee,directives,weight,limits,articles,
EU_en_Pres1-100_91,marine pollution,http://eurovoc.europa.eu/2535,,,91,EU_en_Pres1-100,0.00541,convention,pollution,sea,parties,tho,protocol,mediterranean,contracting,marine,dumping,substances,area,party,article,international,aircraft,conference,protection,environment,
EU_en_Pres1-100_92,import policy,http://eurovoc.europa.eu/2488,,,92,EU_en_Pres1-100,0.01941,community,association,acp,Greece,states,convention,originating,council,agreement,products,arrangements,provisions,Tunisia,Morocco,imports,Turkey,countries,protocol,accession,
EU_en_Pres1-100_93,tariff quota,http://eurovoc.europa.eu/161,,,93,EU_en_Pres1-100,0.01876,member,quota,states,community,share,shares,tariff,State,reserves,tons,initial,metric,commission,article,imports,amount,allocated,period,draw,
EU_en_Pres1-100_94,,,,,94,EU_en_Pres1-100,0.00997,convention,protocol,contracting,party,article,council,government,ratification,force,paragraph,parties,international,accession,acceptance,united,annex,application,extension,secretary,
EU_en_Pres1-100_95,international affairs,http://eurovoc.europa.eu/100170,,,95,EU_en_Pres1-100,0.01106,treaty,commerce,exchange,agreements,navigation,notes,commercial,agreement,arab,Egypt,Cyprus,trade,third,convention,friendship,states,member,countries,relations,
EU_en_Pres1-100_96,,,,,96,EU_en_Pres1-100,0.00384,description,products,member,airport,fabrics,port,european,address,communities,destination,State,tariff,handicrafts,industry,de,cottage,states,seal,body,
EU_en_Pres1-100_97,nuclear safety,http://eurovoc.europa.eu/4042,,,97,EU_en_Pres1-100,0.00658,programme,reactor,materials,nuclear,jrc,will,energy,staff,data,project,fusion,high,ispra,studies,temperature,activities,establishment,analysis,reactors,
EU_en_Pres1-100_98,,,,,98,EU_en_Pres1-100,0.0061,car,disease,safety,foot,doors,mouth,lift,inspection,door,eec,speed,type,control,device,mechanical,approval,landing,machine,vaccine,
EU_en_Pres1-100_99,,,,,99,EU_en_Pres1-100,0.15344,member,article,states,State,provisions,community,measures,referred,application,commission,laid,procedure,respect,provided,rules,council,apply,paragraph,conditions,
EU_en_Pres1-50_0,,,,,0,EU_en_Pres1-50,0.05004,amounts,cereals,compensatory,products,rice,wheat,applicable,regulation,amount,eec,refund,falling,weight,referred,barley,content,levy,processed,exceeding,
EU_en_Pres1-50_1,,,,,1,EU_en_Pres1-50,0.01991,fund,decision,council,assistance,social,article,european,operations,february,training,regulation,persons,application,financial,submitted,AIDS,december,applications,november,
EU_en_Pres1-50_2,,,,,2,EU_en_Pres1-50,0.16744,article,member,provisions,states,paragraph,commission,council,directive,measures,proposal,laid,referred,State,provided,respect,application,procedure,apply,time,
EU_en_Pres1-50_3,,,,,3,EU_en_Pres1-50,0.113,commission,council,committee,decision,european,community,member,states,draft,proposal,economic,opinion,concerning,treaty,meeting,adopted,regard,set,proposals,
EU_en_Pres1-50_4,,,,,4,EU_en_Pres1-50,0.01098,securities,quantitative,textiles,authorities,arrangement,products,community,textile,limits,units,zealand,quotation,ciuts,agreement,will,admission,official,export,market,
EU_en_Pres1-50_5,,,,,5,EU_en_Pres1-50,0.01086,directive,products,substances,product,annex,sea,medicinal,foodstuffs,acid,mediterranean,solution,health,laws,content,states,reagents,labelling,animal,water,
EU_en_Pres1-50_6,,,,,6,EU_en_Pres1-50,0.03491,products,customs,weight,tariff,fruit,duties,ii,sugar,exceeding,falling,heading,common,content,net,duty,subheading,fresh,acid,oils,
EU_en_Pres1-50_7,,,,,7,EU_en_Pres1-50,0.00965,tax,project,taxable,will,rate,amount,oil,services,taxation,system,supplies,production,excise,equipment,transactions,support,person,taxes,water,
EU_en_Pres1-50_8,,,,,8,EU_en_Pres1-50,0.01317,including,products,heading,articles,machines,parts,apparatus,metal,falling,ii,example,kind,paper,machinery,rate,glass,materials,duty,description,
EU_en_Pres1-50_9,,,,,9,EU_en_Pres1-50,0.00417,product,vehicles,tha,produot,agreement,motor,froa,bureaux,territory,produota,republic,based,including,nr,produoto,fro,exceed,german,insurance,
EU_en_Pres1-50_10,,,,,10,EU_en_Pres1-50,0.01602,contract,credit,contracts,insurer,amount,guarantee,payment,insured,grouping,export,loss,works,bank,commercial,buyer,terms,guarantees,third,number,
EU_en_Pres1-50_11,,,,,11,EU_en_Pres1-50,0.0526,agreement,community,european,trade,economic,products,republic,negotiations,imports,article,council,cooperation,parties,commission,agreements,government,will,countries,tariff,
EU_en_Pres1-50_12,,,,,12,EU_en_Pres1-50,0.00893,contracting,party,parties,agreement,agent,operating,executive,committee,task,agency,will,participants,article,operation,energy,annex,paragraph,development,acting,
EU_en_Pres1-50_13,,,,,13,EU_en_Pres1-50,0.01388,test,gas,pressure,directive,equipment,water,appliance,type,tests,measuring,inspection,requirements,appliances,conditions,carried,eec,temperature,device,approval,
EU_en_Pres1-50_14,,,,,14,EU_en_Pres1-50,0.07341,increase,community,production,countries,prices,year,situation,will,market,world,total,level,price,increased,consumption,imports,demand,sector,years,
EU_en_Pres1-50_15,,,,,15,EU_en_Pres1-50,0.00818,description,products,de,member,port,airport,fabrics,destination,european,communities,address,State,handicrafts,tariff,industry,certificate,cottage,seal,certifies,
EU_en_Pres1-50_16,,,,,16,EU_en_Pres1-50,0.04609,member,states,State,directive,law,national,undertakings,community,legal,provisions,rights,laws,territory,authorities,authority,rules,competent,business,country,
EU_en_Pres1-50_17,,,,,17,EU_en_Pres1-50,0.02243,convention,protocol,agreement,article,treaty,council,force,states,commerce,accession,government,provisions,member,international,ratification,paragraph,parties,exchange,party,
EU_en_Pres1-50_18,,,,,18,EU_en_Pres1-50,0.00873,holdings,income,farm,labour,ua,ha,family,survey,pigs,land,alu,returning,poultry,paid,type,purchased,farming,number,sheep,
EU_en_Pres1-50_19,,,,,19,EU_en_Pres1-50,0.3386,regulation,eec,article,regard,council,commission,community,european,products,amended,states,treaty,applicable,member,common,establishing,economic,july,force,
EU_en_Pres1-50_20,,,,,20,EU_en_Pres1-50,0.01743,project,subsidy,aid,guidance,agricultural,regulation,eec,fund,granted,will,article,application,EAGGF,construction,decision,beneficiary,conditions,amount,european,
EU_en_Pres1-50_21,,,,,21,EU_en_Pres1-50,0.00953,products,countries,community,tariff,states,preferences,member,islands,article,imports,quotas,duties,territories,commission,ceilings,amount,originating,maximum,customs,
EU_en_Pres1-50_22,,,,,22,EU_en_Pres1-50,0.02944,member,quota,states,community,tariff,share,State,shares,tons,reserves,metric,initial,commission,article,imports,customs,amount,common,products,
EU_en_Pres1-50_23,,,,,23,EU_en_Pres1-50,0.01472,coal,steel,decision,ECSC,treaty,will,market,undertakings,article,commission,industry,aid,iron,production,british,company,AIDS,products,undertaking,
EU_en_Pres1-50_24,,,,,24,EU_en_Pres1-50,0.01291,fishing,fish,staff,community,fishery,species,annex,sea,allowance,servants,catch,officials,conditions,ii,remuneration,countries,july,zone,civil,
EU_en_Pres1-50_25,,,,,25,EU_en_Pres1-50,0.00915,products,originating,protocol,manufacture,certificate,article,goods,movement,customs,community,exceed,product,joint,conditions,form,textile,eur,agreement,authorities,
EU_en_Pres1-50_26,,OCR NOISE,,,26,EU_en_Pres1-50,0.19355,tho,bo,cf,tha,ir,ar,ii,ia,ho,io,en,ti,cr,er,oi,il,li,tr,es,
EU_en_Pres1-50_27,,,,,27,EU_en_Pres1-50,0.03727,amounts,meat,compensatory,beef,animals,veal,eggs,amount,regulation,monetary,bovine,eec,weight,poultry,conditions,prices,competent,imports,authorities,
EU_en_Pres1-50_28,,,,,28,EU_en_Pres1-50,0.06882,price,prices,market,year,marketing,intervention,sugar,production,wine,community,fixed,products,common,quality,aid,account,milk,varieties,amount,
EU_en_Pres1-50_29,,,,,29,EU_en_Pres1-50,0.03456,aid,milk,food,powder,skimmed,tons,countries,community,metric,programme,commission,supply,council,butteroil,cereals,quantities,distribution,delivery,developing,
EU_en_Pres1-50_30,,,,,30,EU_en_Pres1-50,0.02169,european,data,projects,industry,programme,community,development,processing,will,aircraft,statistics,study,national,market,systems,survey,industrial,work,studies,
EU_en_Pres1-50_31,,,,,31,EU_en_Pres1-50,0.01827,social,workers,employment,training,work,benefits,working,women,health,labour,action,migrant,security,family,education,national,programme,vocational,conditions,
EU_en_Pres1-50_32,,,,,32,EU_en_Pres1-50,0.06027,tender,intervention,invitation,butter,tenders,export,agency,decision,market,minimum,levy,article,price,tenderer,security,metric,commission,provided,fixed,
EU_en_Pres1-50_33,,,,,33,EU_en_Pres1-50,0.01547,energy,oil,community,power,supply,electricity,production,nuclear,stations,consumption,coal,fuel,policy,will,measures,supplies,gas,countries,industry,
EU_en_Pres1-50_34,,,,,34,EU_en_Pres1-50,0.04023,goods,customs,duties,processing,authorities,import,transit,origin,country,products,taxes,office,annex,exportation,community,free,imported,importation,State,
EU_en_Pres1-50_35,,,,,35,EU_en_Pres1-50,0.01082,pollution,environment,water,protection,environmental,waste,quality,states,action,effects,programme,health,member,standards,measures,air,substances,lead,pollutants,
EU_en_Pres1-50_36,,,,,36,EU_en_Pres1-50,0.00811,type,approval,vehicle,directive,eec,vehicles,member,requirements,light,states,annex,point,seat,motor,item,test,rear,device,manufacturer,
EU_en_Pres1-50_37,,,,,37,EU_en_Pres1-50,0.01341,seed,paper,products,community,imports,ceilings,commission,member,wood,states,pulp,customs,duties,harvested,agreement,indicative,material,marketing,annex,
EU_en_Pres1-50_38,,,,,38,EU_en_Pres1-50,0.03887,expenditure,financial,budget,appropriations,year,appropriation,staff,article,commission,account,chapter,council,cover,amount,payment,revenue,total,entered,projects,
EU_en_Pres1-50_39,,,,,39,EU_en_Pres1-50,0.01583,transport,road,traffic,carriage,system,goods,vehicles,regulation,inland,tariffs,international,vessels,vehicle,regulations,services,rates,states,period,infrastructure,
EU_en_Pres1-50_40,,,,,40,EU_en_Pres1-50,0.0291,country,recipient,community,european,agreement,economic,delivery,aid,goods,article,eec,agent,costs,port,loading,supply,products,food,referred,
EU_en_Pres1-50_41,,,,,41,EU_en_Pres1-50,0.03117,economic,policy,member,community,monetary,states,policies,measures,will,countries,term,investment,rate,fund,growth,balance,account,public,payments,
EU_en_Pres1-50_42,,,,,42,EU_en_Pres1-50,0.01677,regional,areas,regions,agricultural,development,directive,farming,region,population,agriculture,community,aid,area,land,total,economic,average,industrial,farms,
EU_en_Pres1-50_43,,,,,43,EU_en_Pres1-50,0.01546,agreement,market,products,article,undertakings,prices,competition,commission,trade,sales,dealers,price,treaty,decision,companies,distribution,french,agreements,sale,
EU_en_Pres1-50_44,,,,,44,EU_en_Pres1-50,0.0202,countries,developing,states,cooperation,community,trade,acp,aid,associated,development,association,products,system,convention,financial,projects,negotiations,export,industrial,
EU_en_Pres1-50_45,,,,,45,EU_en_Pres1-50,0.09566,community,will,commission,development,action,problems,general,international,policy,level,time,view,basis,field,national,order,common,specific,proposals,
EU_en_Pres1-50_46,,,,,46,EU_en_Pres1-50,0.011,programme,nuclear,materials,project,material,technical,reactor,energy,activities,staff,will,jrc,studies,work,safety,scientific,high,fusion,objective,
EU_en_Pres1-50_47,,,,,47,EU_en_Pres1-50,0.09025,kingdom,Ireland,united,member,Italy,states,rate,italian,Netherlands,Germany,Denmark,Luxembourg,France,rates,republic,account,nederland,currencies,Belgium,
EU_en_Pres1-50_48,,,,,48,EU_en_Pres1-50,0.01302,woven,cotton,fabrics,fibres,man,articles,flax,knitted,textile,garments,linen,wool,crocheted,gloves,heading,animal,outer,hair,fine,
EU_en_Pres1-50_49,,,,,49,EU_en_Pres1-50,0.01446,company,board,european,companies,group,employees,article,management,supervisory,general,members,paragraph,meeting,works,undertaking,accounts,shares,law,council,
EU_en_Pres2-100_0,,,,,0,EU_en_Pres2-100,,countries,community,international,developing,negotiations,agreement,cooperation,conference,agreements,group,world,trade,united,relations,common,position,economic,will,code,
EU_en_Pres2-100_1,agricultural policy,http://eurovoc.europa.eu/2442,,,1,EU_en_Pres2-100,,milk,production,market,community,products,prices,wheat,cereals,price,beef,butter,marketing,intervention,sugar,tonnes,imports,rice,veal,consumption,
EU_en_Pres2-100_2,aid to agriculture,http://eurovoc.europa.eu/2965,,,2,EU_en_Pres2-100,,agricultural,areas,aid,measures,premium,directive,number,eec,farms,production,measure,regions,development,farming,area,programme,total,year,farm,
EU_en_Pres2-100_3,iron and steel industry,http://eurovoc.europa.eu/1417,,,3,EU_en_Pres2-100,,will,programme,high,steel,study,work,project,tests,test,design,properties,steels,development,control,years,temperature,conditions,proposed,heat,
EU_en_Pres2-100_4,economic policy,http://eurovoc.europa.eu/100185,,,4,EU_en_Pres2-100,,production,increase,community,year,total,increased,consumption,will,world,countries,prices,years,level,average,market,compared,demand,higher,high,
EU_en_Pres2-100_5,,,,,5,EU_en_Pres2-100,,community,transitional,will,period,measures,commission,arrangements,negotiations,duties,countries,restrictions,list,third,vis,proposals,preferential,applied,position,respect,
EU_en_Pres2-100_6,ECSC aid,http://eurovoc.europa.eu/852,,,6,EU_en_Pres2-100,,coal,steel,ECSC,aid,industry,production,iron,decision,measures,community,article,AIDS,financial,will,coking,mining,coke,market,undertakings,
EU_en_Pres2-100_7,approval,http://eurovoc.europa.eu/1252,,,7,EU_en_Pres2-100,,type,approval,test,requirements,eec,certificate,technical,pressure,sound,equipment,safety,approved,noise,level,fitted,maximum,annex,toys,mm,
EU_en_Pres2-100_8,environmental policy,http://eurovoc.europa.eu/2470,,,8,EU_en_Pres2-100,,environment,pollution,water,environmental,quality,substances,protection,effects,waste,methods,chemical,control,limit,discharges,values,standards,analysis,sampling,air,
EU_en_Pres2-100_9,sugar industry,http://eurovoc.europa.eu/1394,,,9,EU_en_Pres2-100,,sugar,aid,production,marketing,year,regulation,producer,system,market,producers,organization,amount,quantity,referred,basic,article,community,eec,rules,
EU_en_Pres2-100_10,trade restriction,http://eurovoc.europa.eu/3584,,,10,EU_en_Pres2-100,,quota,tariff,community,tonnes,member,tons,customs,quotas,falling,volume,duty,imports,allocated,states,opened,product,common,metric,magnesium,
EU_en_Pres2-100_11,EU customs procedure,http://eurovoc.europa.eu/5842,,,11,EU_en_Pres2-100,,customs,tariff,duties,products,community,imports,commission,ceilings,goods,Malta,subject,regulation,question,originating,ceiling,ii,oils,applicable,states,
EU_en_Pres2-100_12,agricultural policy,http://eurovoc.europa.eu/2442,,,12,EU_en_Pres2-100,,land,seed,eec,plant,animal,department,agriculture,annex,number,programme,plants,institution,cfc,group,feedingstuffs,species,seeds,control,meetings,
EU_en_Pres2-100_13,,,,,13,EU_en_Pres2-100,,task,contracting,operating,executive,agent,committee,agreement,participants,party,parties,participant,programme,annex,will,acting,agency,work,unanimity,provided,
EU_en_Pres2-100_14,shipbuilding,http://eurovoc.europa.eu/155,,,14,EU_en_Pres2-100,,industry,shipbuilding,capacity,aid,frozen,production,processing,intended,vessels,community,sector,market,fleet,shipyards,orders,ship,restructuring,commission,order,
EU_en_Pres2-100_15,,,,,15,EU_en_Pres2-100,,programme,project,field,european,action,scientific,committee,council,concerted,joint,COST,jet,decision,projects,technical,evaluation,staff,fusion,technology,
EU_en_Pres2-100_16,wine,http://eurovoc.europa.eu/4713,,,16,EU_en_Pres2-100,,wine,wines,table,grape,quality,regulation,growing,alcohol,distillation,alcoholic,strength,grapes,origin,products,eec,produced,varieties,referred,vines,
EU_en_Pres2-100_17,regional aid,http://eurovoc.europa.eu/976,,,17,EU_en_Pres2-100,,fund,regional,projects,meua,regions,investment,assistance,development,aid,infrastructure,community,commission,areas,total,investments,eua,policy,regulation,region,
EU_en_Pres2-100_18,economic planning,http://eurovoc.europa.eu/2402,,,18,EU_en_Pres2-100,,community,will,development,programme,action,economic,commission,national,financial,programmes,policy,specific,objectives,measures,resources,activities,field,areas,problems,
EU_en_Pres2-100_19,,,,,19,EU_en_Pres2-100,,will,loan,ECSC,commission,project,company,jobs,steel,area,years,treaty,plant,council,workers,employment,interest,industry,request,reconversion,
EU_en_Pres2-100_20,,,,,20,EU_en_Pres2-100,,agreement,community,european,economic,republic,protocol,letters,cooperation,exchange,council,article,negotiations,form,communities,originating,concerning,government,conclusion,trade,
EU_en_Pres2-100_21,,,,,21,EU_en_Pres2-100,,cabinet,market,industry,de,european,chefs,technology,japanese,Japan,Europe,world,chef,industrial,equipment,trade,united,will,products,technologies,
EU_en_Pres2-100_22,,,,,22,EU_en_Pres2-100,,Ireland,united,kingdom,Netherlands,Italy,Germany,France,Luxembourg,Denmark,nederland,danmark,Belgium,countries,regions,member,report,italia,table,federal,
EU_en_Pres2-100_23,textile industry,http://eurovoc.europa.eu/1418,,,23,EU_en_Pres2-100,,fabrics,textile,woven,knitted,crocheted,fibres,community,agreement,products,yarn,elastic,synthetic,quantitative,rubberised,cotton,garments,articles,women,fabric,
EU_en_Pres2-100_24,,,,,24,EU_en_Pres2-100,,supplies,contract,lot,produits,works,journal,number,nature,tender,official,total,awarded,obtenus,origin,invitation,ber,supply,contracts,tion,
EU_en_Pres2-100_25,occupational safety,http://eurovoc.europa.eu/4039,,,25,EU_en_Pres2-100,,safety,health,work,protection,committee,working,radiation,group,workers,accident,programme,exposure,lead,studies,standards,effects,accidents,general,medical,
EU_en_Pres2-100_26,,,,,26,EU_en_Pres2-100,,ii,ir,ar,tho,de,cf,es,en,ot,ti,te,il,er,ion,st,tha,bo,ft,al,
EU_en_Pres2-100_27,,,,,27,EU_en_Pres2-100,,commission,council,decision,will,proposal,committee,draft,proposed,european,proposals,community,meeting,communication,parliament,adopted,concerning,report,opinion,final,
EU_en_Pres2-100_28,economic development,http://eurovoc.europa.eu/427,,,28,EU_en_Pres2-100,,regions,population,regional,industrial,industry,economic,labour,sector,employment,total,development,growth,average,country,high,region,gdp,large,level,
EU_en_Pres2-100_29,oil pollution,http://eurovoc.europa.eu/3161,,,29,EU_en_Pres2-100,,sea,ship,substances,convention,contracting,tank,area,parties,discharge,oil,ships,pollution,paragraph,baltic,party,cargo,marine,regulation,appropriate,
EU_en_Pres2-100_30,education,http://eurovoc.europa.eu/668,,,30,EU_en_Pres2-100,,training,priority,department,applications,employment,regions,fund,persons,young,programmes,assistance,total,operations,instalment,level,manpower,workers,services,intervention,
EU_en_Pres2-100_31,,,,,31,EU_en_Pres2-100,,quotas,flax,leather,woven,products,China,decision,gloves,lists,period,imports,textile,subject,footwear,rubber,heading,december,january,including,
EU_en_Pres2-100_32,education,http://eurovoc.europa.eu/668,,,32,EU_en_Pres2-100,,european,training,education,community,activities,foundation,cultural,schools,countries,language,institutions,public,study,teaching,courses,foreign,services,teachers,scheme,
EU_en_Pres2-100_33,,,,,33,EU_en_Pres2-100,,description,products,member,port,airport,european,address,communities,State,fabrics,destination,tariff,seal,goods,industry,cottage,signature,officer,certifies,
EU_en_Pres2-100_34,electrical energy,http://eurovoc.europa.eu/747,,,34,EU_en_Pres2-100,,energy,oil,gas,coal,community,electricity,consumption,power,nuclear,supply,saving,production,sources,fuel,fuels,crude,natural,investment,petroleum,
EU_en_Pres2-100_35,,,,,35,EU_en_Pres2-100,,credit,capital,investment,companies,financial,securities,assets,savings,company,institutions,accounts,interest,guarantee,authorities,investments,undertakings,shares,balance,public,
EU_en_Pres2-100_36,,,,,36,EU_en_Pres2-100,,transport,road,traffic,carriage,goods,rail,transit,services,Austria,inland,international,countries,infrastructure,vehicle,community,combined,rhine,vehicles,interest,
EU_en_Pres2-100_37,,,,,37,EU_en_Pres2-100,,convention,species,contracting,parties,Europe,council,party,State,provisions,wild,appendix,conservation,committee,fauna,migratory,flora,ii,protection,standing,
EU_en_Pres2-100_38,,,,,38,EU_en_Pres2-100,,treaty,commerce,agreements,exchange,notes,navigation,commercial,convention,agreement,friendship,relations,trade,third,decision,regard,period,countries,provisions,extended,
EU_en_Pres2-100_39,,,,,39,EU_en_Pres2-100,,convention,north,fisheries,contracting,west,commission,latitude,area,party,parties,council,longitude,scientific,parallel,subarea,article,portion,division,atlantic,
EU_en_Pres2-100_40,,,,,40,EU_en_Pres2-100,,oil,olive,amount,year,additional,levy,november,imports,period,number,october,oils,licences,Bulgaria,Turkey,consumption,fixing,deducted,market,
EU_en_Pres2-100_41,,,,,41,EU_en_Pres2-100,,employed,State,member,persons,legislation,benefits,article,person,institution,insurance,paragraph,regulation,residence,social,provisions,territory,family,security,worker,
EU_en_Pres2-100_42,,,,,42,EU_en_Pres2-100,,uranium,materials,waste,exploration,raw,copper,mining,deposits,recovery,recycling,industry,supply,processes,techniques,lead,scrap,ore,mineral,processing,
EU_en_Pres2-100_43,,,,,43,EU_en_Pres2-100,,dumping,duty,united,tariff,community,commission,GATT,trade,states,anti,imports,agreement,injury,code,export,products,offer,country,provisional,
EU_en_Pres2-100_44,,,,,44,EU_en_Pres2-100,,acp,convention,states,lome,decision,territories,countries,transfer,article,eec,transfers,overseas,commission,system,products,oct,Stabex,council,ministers,
EU_en_Pres2-100_45,,,,,45,EU_en_Pres2-100,,fishing,vessels,catches,zone,species,community,fishery,fisheries,vessel,fish,sea,catch,north,stocks,quotas,ices,waters,measures,area,
EU_en_Pres2-100_46,,,,,46,EU_en_Pres2-100,,appropriation,expenditure,appropriations,article,cover,financial,council,budget,regulation,staff,preliminary,eec,community,general,draft,item,Ecu,oj,european,
EU_en_Pres2-100_47,,,,,47,EU_en_Pres2-100,,trade,law,community,mark,court,legal,office,authorities,application,goods,rights,national,article,marks,will,authority,members,action,provisions,
EU_en_Pres2-100_48,,,,,48,EU_en_Pres2-100,,will,time,system,number,general,case,problems,fact,view,problem,main,result,cases,based,years,point,level,considered,situation,
EU_en_Pres2-100_49,,,,,49,EU_en_Pres2-100,,including,excluding,products,heading,republic,articles,january,hellenic,kind,paper,motor,falling,duty,glass,community,protocol,st,originating,materials,
EU_en_Pres2-100_50,,,,,50,EU_en_Pres2-100,,financial,budget,expenditure,year,revenue,resources,european,payment,appropriations,court,commission,communities,account,parliament,accounts,VAT,payments,budgetary,amount,
EU_en_Pres2-100_51,,,,,51,EU_en_Pres2-100,,price,year,marketing,intervention,fixed,quality,aid,prices,common,market,milk,production,Ecu,article,regulation,community,seed,target,regard,
EU_en_Pres2-100_52,,,,,52,EU_en_Pres2-100,,products,countries,including,articles,heading,tariff,territories,falling,community,machines,worked,islands,example,ceilings,textile,amount,beneficiary,ii,preferences,
EU_en_Pres2-100_53,,,,,53,EU_en_Pres2-100,,loans,aid,financing,financial,bank,eua,projects,commission,interest,cooperation,operations,states,resources,technical,financed,capital,eib,EDF,Ecu,
EU_en_Pres2-100_54,,,,,54,EU_en_Pres2-100,,weight,fruit,sugar,products,ii,heading,falling,exceeding,content,duty,goods,sucrose,including,prepared,fresh,customs,excluding,net,rate,
EU_en_Pres2-100_55,,,,,55,EU_en_Pres2-100,,benefits,social,income,schemes,scheme,total,age,employees,national,expenditure,health,insurance,law,contributions,kind,benefit,wage,average,earnings,
EU_en_Pres2-100_56,,,,,56,EU_en_Pres2-100,,community,agricultural,countries,will,products,three,applicant,trade,mediterranean,enlargement,exports,policy,production,agriculture,common,problems,balance,resources,increase,
EU_en_Pres2-100_57,,,,,57,EU_en_Pres2-100,,price,prices,market,products,product,community,producers,level,fixed,commission,consumer,COST,costs,markets,consumers,production,situation,guide,reference,
EU_en_Pres2-100_58,,,,,58,EU_en_Pres2-100,,convention,agreement,party,protocol,parties,article,contracting,international,government,force,united,accession,paragraph,application,states,ratification,acceptance,approval,extension,
EU_en_Pres2-100_59,,,,,59,EU_en_Pres2-100,,acid,salts,mm,weight,esters,acids,consisting,form,inn,solution,manufacture,free,products,mixture,white,compounds,ii,glass,chloride,
EU_en_Pres2-100_60,,,,,60,EU_en_Pres2-100,,tho,tha,Turkey,whioh,turkish,ths,froa,bo,protocol,produot,artiole,produots,additional,counoil,association,ho,la,produota,economio,
EU_en_Pres2-100_61,,,,,61,EU_en_Pres2-100,,eec,council,regulation,decision,commission,oj,december,acts,july,community,accession,june,concerning,annex,amended,relating,march,article,european,
EU_en_Pres2-100_62,,,,,62,EU_en_Pres2-100,,member,states,community,State,commission,countries,council,national,concerned,basis,third,regard,common,economic,european,measures,respect,concerning,country,
EU_en_Pres2-100_63,,,,,63,EU_en_Pres2-100,,Greece,accession,Spain,greek,community,spanish,products,hellenic,agreement,tariff,eec,sector,treaty,provisions,negotiations,adjustments,transitional,applied,ii,
EU_en_Pres2-100_64,,,,,64,EU_en_Pres2-100,,tax,goods,taxes,excise,free,taxation,duty,duties,customs,VAT,taxable,importation,country,imported,harmonization,tobacco,person,relief,authorities,
EU_en_Pres2-100_65,,,,,65,EU_en_Pres2-100,,goods,community,transit,customs,office,certificate,country,document,number,authorities,destination,member,form,departure,declaration,guarantee,State,export,provisions,
EU_en_Pres2-100_66,,,,,66,EU_en_Pres2-100,,Portugal,portuguese,accession,community,products,agreement,imports,total,tariff,agricultural,duties,government,Madeira,exports,system,customs,authorities,acquis,agreements,
EU_en_Pres2-100_67,,,,,67,EU_en_Pres2-100,,commission,undertakings,competition,AIDS,firms,aid,industry,market,business,decision,treaty,agreements,practices,government,scheme,article,undertaking,report,investment,
EU_en_Pres2-100_68,,,,,68,EU_en_Pres2-100,,paper,coated,pulp,unchanged,printing,board,wood,writing,paperboard,waste,mechanical,containers,protocol,machine,rolls,kraft,agreement,chemical,free,
EU_en_Pres2-100_69,,,,,69,EU_en_Pres2-100,,social,poverty,children,poor,housing,projects,people,national,project,work,groups,services,health,population,handicapped,local,persons,programme,income,
EU_en_Pres2-100_70,,,,,70,EU_en_Pres2-100,,meat,animals,health,fresh,veterinary,bovine,swine,animal,disease,community,inspection,slaughter,control,trade,fever,free,pigs,carried,herds,
EU_en_Pres2-100_71,,,,,71,EU_en_Pres2-100,,data,statistics,survey,statistical,work,system,surveys,commission,processing,services,will,computer,network,carried,annual,analysis,trade,users,general,
EU_en_Pres2-100_72,,,,,72,EU_en_Pres2-100,,air,transport,aircraft,airlines,international,services,scheduled,control,fares,number,checks,tariffs,traffic,routes,infringements,operators,regulation,passengers,passenger,
EU_en_Pres2-100_73,,,,,73,EU_en_Pres2-100,,directive,eec,member,states,council,relating,laws,proposal,annex,products,directives,provisions,article,approximation,regard,foodstuffs,amended,committee,technical,
EU_en_Pres2-100_74,,,,,74,EU_en_Pres2-100,,financial,railway,transport,undertakings,railways,account,year,accounts,traffic,costs,assets,fixed,total,loss,profit,revenue,balance,State,mio,
EU_en_Pres2-100_75,,,,,75,EU_en_Pres2-100,,aid,food,milk,countries,programme,powder,community,butteroil,skimmed,cereals,tonnes,port,commission,developing,supply,reserves,emergency,quantities,quantity,
EU_en_Pres2-100_76,,,,,76,EU_en_Pres2-100,,member,quota,states,shares,tariff,community,share,State,reserves,initial,imports,article,commission,products,customs,period,question,second,ensure,
EU_en_Pres2-100_77,,,,,77,EU_en_Pres2-100,,apparatus,parts,including,aircraft,andere,electrical,products,air,duty,intended,ii,articles,aeroplanes,rate,vessel,community,electric,falling,exceeding,
EU_en_Pres2-100_78,,,,,78,EU_en_Pres2-100,,nuclear,agreement,community,material,Australia,fuel,safeguards,plutonium,euratom,subject,energy,parties,reactors,reprocessing,agency,article,reactor,party,uranium,
EU_en_Pres2-100_79,,,,,79,EU_en_Pres2-100,,customs,commission,common,tariff,regulation,eec,free,apparatus,scientific,described,duties,ii,goods,sheep,admission,model,sheepmeat,products,administrative,
EU_en_Pres2-100_80,,,,,80,EU_en_Pres2-100,,products,manufacture,originating,product,materials,exceed,textile,finished,working,heading,processing,parts,yarn,status,conditions,articles,including,material,weight,
EU_en_Pres2-100_81,,,,,81,EU_en_Pres2-100,,planned,support,capacity,sets,construction,projects,total,thermal,electrical,year,generating,reported,hydrocarbons,mw,nuclear,system,conventional,plant,apparatus,
EU_en_Pres2-100_82,,,,,82,EU_en_Pres2-100,,eua,expenditure,basis,community,will,budget,appropriations,member,calculation,commission,increase,method,type,legal,council,year,operation,states,rate,
EU_en_Pres2-100_83,,,,,83,EU_en_Pres2-100,,rate,growth,year,gdp,government,prices,deficit,countries,current,increase,rates,balance,inflation,oil,public,domestic,payments,price,exchange,
EU_en_Pres2-100_84,,,,,84,EU_en_Pres2-100,,holdings,agricultural,income,production,farm,incomes,agriculture,poultry,farms,region,hens,labour,farming,holding,laying,gross,alu,COST,returning,
EU_en_Pres2-100_85,,,,,85,EU_en_Pres2-100,,rate,rates,account,monetary,amounts,national,system,unit,currencies,agricultural,eua,common,applied,compensatory,units,currency,fixed,average,expressed,
EU_en_Pres2-100_86,,,,,86,EU_en_Pres2-100,,cheese,free,rate,will,offered,GATT,preserved,tariff,import,Austria,prepared,frozen,cheese,concessions,beef,oil,quota,xxviii,restrictions,
EU_en_Pres2-100_87,,,,,87,EU_en_Pres2-100,,rate,steel,valued,articles,duty,iron,copper,coated,plates,alloy,wire,lb,paper,dozen,nes,current,nspf,impregnated,ov,
EU_en_Pres2-100_88,,,,,88,EU_en_Pres2-100,,community,policy,economic,growth,will,policies,measures,market,level,investment,demand,increase,situation,term,social,countries,employment,energy,structural,
EU_en_Pres2-100_89,,,,,89,EU_en_Pres2-100,,material,agency,nuclear,facility,inventory,safeguards,agreement,facilities,united,community,data,balance,number,kingdom,uranium,inspection,form,reports,arrangements,
EU_en_Pres2-100_90,,,,,90,EU_en_Pres2-100,,India,export,jute,credits,community,credit,will,guidelines,arrangement,understanding,Bangladesh,terms,decision,negotiations,interest,countries,participants,commercial,application,
EU_en_Pres2-100_91,,,,,91,EU_en_Pres2-100,,products,countries,imports,community,import,trade,arrangements,exports,textile,quantitative,export,agreements,subject,processing,limits,arrangement,textiles,authorities,will,
EU_en_Pres2-100_92,,,,,92,EU_en_Pres2-100,,contract,contracts,agency,insurance,payment,authority,tender,period,conditions,services,performance,contracting,insurer,consultant,tenders,liability,works,special,contractor,
EU_en_Pres2-100_93,,,,,93,EU_en_Pres2-100,,staff,officials,regulations,service,communities,allowance,allowances,servants,july,official,salaries,bfrs,employment,salary,category,posts,secretary,ECSC,clerical,
EU_en_Pres2-100_94,,,,,94,EU_en_Pres2-100,,expenditure,aid,regulation,measures,intervention,eec,guarantee,storage,financial,products,refunds,EAGGF,sector,agricultural,milk,budget,amounts,respect,fruit,
EU_en_Pres2-100_95,,,,,95,EU_en_Pres2-100,,appropriations,eua,chapter,budget,article,year,financial,expenditure,commitments,payments,total,item,Ecu,payment,commitment,differentiated,utilization,entered,carried,
EU_en_Pres2-100_96,,,,,96,EU_en_Pres2-100,,employment,workers,work,social,women,working,time,labour,training,hours,equal,measures,jobs,law,vocational,conditions,job,employers,public,
EU_en_Pres2-100_97,,,,,97,EU_en_Pres2-100,,article,referred,provisions,paragraph,provided,procedure,laid,measures,conditions,State,rules,articles,apply,committee,application,respect,member,period,case,
EU_en_Pres2-100_98,,,,,98,EU_en_Pres2-100,,regulation,eec,council,article,regard,european,proposal,community,applicable,amended,commission,treaty,force,establishing,economic,common,december,binding,enter,
EU_en_Pres2-100_99,,,,,99,EU_en_Pres2-100,,projects,project,development,programme,total,rural,equipment,support,construction,implementation,agricultural,technical,eua,ngos,COST,assistance,year,water,ngo,
EU_en_Pres2-50_0,coal and steel industry aid,http://eurovoc.europa.eu/852,,ECSC aid,0,EU_en_Pres2-50,3.437,coal,steel,aid,ECSC,industry,commission,million,decision,AIDS,capacity,production,loan,treaty,iron,article,years,year,measures,restructuring,project
EU_en_Pres2-50_1,free trade,http://eurovoc.europa.eu/3584,,trade restriction,1,EU_en_Pres2-50,0.03107,tax,trade,duty,community,mark,price,goods,excise,taxes,commission,competition,taxation,VAT,market,products,product,taxable,application,prices,consumer
EU_en_Pres2-50_2,,,,#VALUE!,2,EU_en_Pres2-50,0.01091,material,agency,quotas,facility,inventory,nuclear,leather,flax,information,gloves,subject,weight,China,united,facilities,period,including,kingdom,lists,code
EU_en_Pres2-50_3,education,http://eurovoc.europa.eu/668,,education,3,EU_en_Pres2-50,0.0255,education,training,social,european,activities,poverty,services,national,health,information,programme,children,study,projects,cultural,people,groups,persons,group,public
EU_en_Pres2-50_4,,,,#VALUE!,4,EU_en_Pres2-50,0.03215,staff,officials,court,financial,communities,contract,european,regulations,official,officer,year,service,office,article,board,number,revenue,supplies,contracts,members
EU_en_Pres2-50_5,employment policies,http://eurovoc.europa.eu/217190,,employment policy,5,EU_en_Pres2-50,0.02627,employment,workers,work,social,working,labour,training,women,hours,law,measures,vocational,equal,jobs,part-time,employers,job,young,conditions,employees
EU_en_Pres2-50_6,,,,#VALUE!,6,EU_en_Pres2-50,0.01974,convention,parties,contracting,sea,party,protocol,international,article,states,paragraph,species,provisions,State,government,force,council,present,accession,pollution,ship
EU_en_Pres2-50_7,energy production,http://eurovoc.europa.eu/2715,,energy production,7,EU_en_Pres2-50,0.02604,energy,oil,coal,gas,community,support,electricity,projects,consumption,supply,power,production,nuclear,sources,prices,fuels,council,fuel,crude,saving
EU_en_Pres2-50_8,food trade,http://eurovoc.europa.eu/2446,,food policy,8,EU_en_Pres2-50,0.01482,GATT,tariff,cheese,products,trade,concessions,negotiations,import,community,offer,free,zealand,offered,united,arrangement,beef,code,rate,frozen,quota
EU_en_Pres2-50_9,,,,#VALUE!,9,EU_en_Pres2-50,0.25013,regulation,eec,article,council,regard,european,community,proposal,commission,member,amended,states,applicable,treaty,economic,thereof,establishing,account,force,common
EU_en_Pres2-50_10,agricultural aid,http://eurovoc.europa.eu/2965,,aid to agriculture,10,EU_en_Pres2-50,0.02795,aid,agricultural,measures,areas,number,production,eec,farms,holdings,development,directive,measure,farming,regions,premium,total,agriculture,u.a,area,farm
EU_en_Pres2-50_11,,,,,11,EU_en_Pres2-50,0.02488,fishing,vessels,community,zone,species,catches,fishery,fish,fisheries,vessel,sea,stocks,catch,north,measures,quotas,ices,waters,herring,conservation
EU_en_Pres2-50_12,,,,,12,EU_en_Pres2-50,0.01775,benefits,State,persons,social,member,insurance,legislation,person,employed,pension,institution,family,article,security,residence,paragraph,self-employed,scheme,worker,schemes
EU_en_Pres2-50_13,,,,,13,EU_en_Pres2-50,0.03334,research,programme,project,field,development,projects,action,work,committee,programmes,scientific,materials,activities,european,results,technology,technical,studies,study,COST
EU_en_Pres2-50_14,,,,,14,EU_en_Pres2-50,0.05583,rate,growth,economic,policy,rates,increase,monetary,countries,investment,year,prices,inflation,price,real,public,community,level,balance,demand,rise
EU_en_Pres2-50_15,,,,,15,EU_en_Pres2-50,0.04798,member,quota,states,tariff,community,shares,share,State,reserves,initial,imports,commission,customs,article,products,period,question,common,quotas,ensure
EU_en_Pres2-50_16,,,,,16,EU_en_Pres2-50,0.01117,nuclear,agreement,community,material,fuel,party,Australia,reactor,safeguards,subject,energy,parties,plutonium,euratom,states,article,reactors,agency,member,reprocessing
EU_en_Pres2-50_17,,,,,17,EU_en_Pres2-50,0.03018,aid,projects,food,countries,million,programme,financing,project,eua,commission,development,total,acp,technical,cooperation,convention,bank,financial,programmes,operations
EU_en_Pres2-50_18,,,,,18,EU_en_Pres2-50,0.05669,expenditure,appropriations,budget,financial,eua,appropriation,article,year,cover,council,chapter,payment,entered,commission,community,payments,total,Ecu,regulation,commitment
EU_en_Pres2-50_19,,,,,19,EU_en_Pres2-50,0.02005,countries,acp,convention,territories,states,article,products,lome,decision,amount,islands,acp-eec,transfer,system,community,eua,transfers,overseas,preferences,referred
EU_en_Pres2-50_20,,,,,20,EU_en_Pres2-50,0.17378,community,states,member,commission,policy,economic,european,action,measures,development,problems,national,market,council,level,common,present,make,financial,made
EU_en_Pres2-50_21,,,,,21,EU_en_Pres2-50,0.03542,information,data,statistics,survey,statistical,work,commission,system,surveys,services,results,number,processing,network,year,national,carried,computer,analysis,annual
EU_en_Pres2-50_22,,,,,22,EU_en_Pres2-50,0.03626,price,marketing,prices,year,market,aid,production,fixed,sugar,intervention,oil,quality,common,olive,products,amount,producers,community,fixing,organization
EU_en_Pres2-50_23,,,,,23,EU_en_Pres2-50,0.03044,fund,regional,regions,assistance,projects,training,priority,programmes,meua,aid,development,million,total,applications,investment,operations,industrial,commission,department,employment
EU_en_Pres2-50_24,,,,,24,EU_en_Pres2-50,0.05036,eec,council,regulation,directive,decision,commission,accession,december,community,annex,acts,july,relating,states,member,act,june,amended,Greece,article
EU_en_Pres2-50_25,,,,,25,EU_en_Pres2-50,0.02729,goods,customs,community,transit,authorities,State,country,duties,office,provisions,free,article,territory,importation,document,imported,referred,procedure,number,member
EU_en_Pres2-50_26,,,,,26,EU_en_Pres2-50,0.03674,financial,loans,capital,credit,interest,accounts,account,year,assets,undertakings,investment,fixed,years,loan,balance,loss,bank,companies,savings,annual
EU_en_Pres2-50_27,,,,,27,EU_en_Pres2-50,0.07826,Ireland,united,kingdom,Netherlands,member,Italy,Germany,states,France,Denmark,Luxembourg,table,total,nederland,Belgium,report,danmark,federal,figures,countries
EU_en_Pres2-50_28,,,,,28,EU_en_Pres2-50,0.01603,meat,animals,health,animal,fresh,veterinary,bovine,disease,swine,directive,control,trade,community,slaughter,number,fever,inspection,annex,herds,production
EU_en_Pres2-50_29,,,,,29,EU_en_Pres2-50,0.07601,agreement,community,european,economic,protocol,republic,council,article,cooperation,letters,exchange,force,originating,government,parties,communities,form,trade,annexed,negotiations
EU_en_Pres2-50_30,,,,,30,EU_en_Pres2-50,0.02157,test,type,requirements,pressure,equipment,apparatus,electrical,system,technical,safety,construction,sound,certificate,power,tests,noise,standard,control,steels,steel
EU_en_Pres2-50_31,,,,,31,EU_en_Pres2-50,0.05806,countries,community,international,agreement,developing,cooperation,trade,negotiations,agreements,conference,export,group,united,relations,world,states,community's,position,field,guidelines
EU_en_Pres2-50_32,,,,,32,EU_en_Pres2-50,0.03799,milk,products,agricultural,intervention,market,common,cereals,beef,aid,wheat,expenditure,butter,price,refunds,prices,sugar,veal,amounts,powder,production
EU_en_Pres2-50_33,,,,,33,EU_en_Pres2-50,0.01426,north,convention,west,fisheries,contracting,party,commission,latitude,area,parties,council,regions,longitude,south,division,stock,scientific,geographical,parallel,east
EU_en_Pres2-50_34,,,,,34,EU_en_Pres2-50,0.01555,products,manufacture,heading,product,textile,materials,originating,exceed,finished,working,parts,processing,including,articles,yarn,weight,status,obtained,fibres,material
EU_en_Pres2-50_35,,,,,35,EU_en_Pres2-50,0.01357,textile,fabrics,woven,knitted,products,community,crocheted,fibres,agreement,yarn,quantitative,elastic,synthetic,garments,articles,cotton,rubberised,category,fabric,infants
EU_en_Pres2-50_36,,,,,36,EU_en_Pres2-50,0.17556,member,article,states,directive,provisions,commission,State,committee,referred,procedure,provided,accordance,proposal,paragraph,information,measures,laid,conditions,rules,council
EU_en_Pres2-50_37,,,,,37,EU_en_Pres2-50,0.01975,wine,wines,table,grape,article,quality,regulation,alcohol,distillation,price,alcoholic,referred,products,strength,grapes,wine-growing,eec,market,origin,paragraph
EU_en_Pres2-50_38,,,,,38,EU_en_Pres2-50,0.01735,weight,sugar,rate,fruit,products,duty,acid,content,exceeding,added,falling,fresh,articles,heading,prepared,customs,tariff,excluding,including,steel
EU_en_Pres2-50_39,,,,,39,EU_en_Pres2-50,0.02537,countries,community,agricultural,regions,industrial,Spain,regional,population,development,products,sector,production,growth,applicant,industry,economic,total,gdp,agriculture,enlargement
EU_en_Pres2-50_40,,,,,40,EU_en_Pres2-50,0.08749,production,community,million,increase,prices,market,year,consumption,tonnes,world,countries,price,increased,total,imports,level,exports,average,years,situation
EU_en_Pres2-50_41,,,,,41,EU_en_Pres2-50,0.02297,safety,directive,substances,environment,health,protection,water,pollution,effects,waste,methods,commission,products,standards,quality,environmental,radiation,council,technical,annex
EU_en_Pres2-50_42,,,,,42,EU_en_Pres2-50,0.00907,description,products,member,port,date,european,airport,address,destination,communities,State,fabrics,signature,officer,goods,tariff,seal,issuing,industry,certifies
EU_en_Pres2-50_43,,,,,43,EU_en_Pres2-50,0.01174,paper,including,excluding,products,articles,similar,heading,january,republic,hellenic,falling,duty,thereof,community,kind,wood,glass,paperboard,motor,oils
EU_en_Pres2-50_44,,,,,44,EU_en_Pres2-50,0.06791,products,community,imports,countries,Greece,customs,duties,arrangements,accession,tariff,transitional,import,measures,subject,commission,greek,ceilings,trade,respect,quantitative
EU_en_Pres2-50_45,,,,,45,EU_en_Pres2-50,0.22246,commission,council,proposed,proposals,present,meeting,proposal,communication,period,decision,draft,final,view,made,commission's,community,years,considers,additional,basis
EU_en_Pres2-50_46,,,,,46,EU_en_Pres2-50,0.08879,tho,tha,froa,whioh,ths,produot,end,artiole,produots,produota,counoil,obtained,fro,fron,part,thin,thi,account,tne,Lebanon
EU_en_Pres2-50_47,,,,,47,EU_en_Pres2-50,0.01719,contracting,task,committee,executive,operating,agreement,agent,party,information,parties,participants,participant,annex,programme,agency,provided,work,acting,paragraph,energy
EU_en_Pres2-50_48,,,,,48,EU_en_Pres2-50,0.02401,transport,traffic,road,air,services,railway,vehicles,international,railways,goods,carriage,passenger,inland,rail,service,infrastructure,passengers,vehicle,transit,aircraft
EU_en_Pres2-50_49,,,,,49,EU_en_Pres2-50,0.01944,Portugal,portuguese,treaty,commerce,agreements,exchange,land,notes,navigation,Spain,seed,agreement,commercial,convention,countries,community,trade,states,member,accession
EU_en_Pres3-100_0,textile,http://eurovoc.europa.eu/2563,artificial product,http://eurovoc.europa.eu/2563,0,EU_en_Pres3-100,0.00524,textile,including,rubber,decision,outer,imports,category,december,gloves,lists,uppers,plastic,categories,China,,,,,,
EU_en_Pres3-100_1,,,,,1,EU_en_Pres3-100,0.16213,development,policy,level,european,conditions,market,common,special,ensure,situation,council,framework,order,regard,,,,,,
EU_en_Pres3-100_2,,,,,2,EU_en_Pres3-100,0.0659,authorities,application,article,person,provisions,authority,debt,competent,cases,rules,determined,relating,articles,time,,,,,,
EU_en_Pres3-100_3,furnace,http://eurovoc.europa.eu/2563,,,3,EU_en_Pres3-100,0.01106,properties,furnace,Ecu,high,control,rolling,casting,continuous,blast,hot,development,conditions,quality,materials,,,,,,
EU_en_Pres3-100_4,,,,,4,EU_en_Pres3-100,0.04184,field,project,joint,action,concerted,committee,COST,article,economic,contracting,treaty,paragraph,adopting,general,,,,,,
EU_en_Pres3-100_5,mining,http://eurovoc.europa.eu/2563,,,5,EU_en_Pres3-100,0.01184,mining,tonnes,total,power,community,development,industry,transport,underground,coking,water,combustion,control,electricity,,,,,,
EU_en_Pres3-100_6,ecsc,http://eurovoc.europa.eu/2563,,,6,EU_en_Pres3-100,0.01752,december,community,acts,oj,examination,european,concerning,ECSC,accession,adaptations,agreement,states,amending,relating,,,,,,
EU_en_Pres3-100_7,ict tools,http://eurovoc.europa.eu/2563,industry,http://eurovoc.europa.eu/2563,7,EU_en_Pres3-100,0.01016,european,office,design,computer,integrated,project,advanced,pilot,processing,esprit,development,industry,communication,tools,,,,,,
EU_en_Pres3-100_8,,,,,8,EU_en_Pres3-100,0.3201,measures,decision,proposals,adopted,basis,view,account,communication,meeting,committee,report,december,final,general,,,,,,
EU_en_Pres3-100_9,,,,,9,EU_en_Pres3-100,0.01417,cooperation,financing,loans,european,projects,bank,technical,agreement,aid,terms,referred,development,interest,council,,,,,,
EU_en_Pres3-100_10,animal food products,http://eurovoc.europa.eu/2563,sales,http://eurovoc.europa.eu/2563,10,EU_en_Pres3-100,0.02437,Ecu,milk,price,tonnes,countries,world,exports,imports,fruit,intervention,Greece,marketing,beef,butter,,,,,,
EU_en_Pres3-100_11,,,,,11,EU_en_Pres3-100,0.06235,community,free,import,originating,duty,falling,imports,subheading,goods,january,eec,proposal,ii,applicable,,,,,,
EU_en_Pres3-100_12,worker rights,http://eurovoc.europa.eu/2563,,,12,EU_en_Pres3-100,0.01262,workers,protection,programme,noise,directive,exposure,action,accidents,activities,level,asbestos,methods,measures,european,,,,,,
EU_en_Pres3-100_13,,,,,13,EU_en_Pres3-100,0.06848,system,will,negotiations,GATT,committee,political,rules,relations,work,international,measures,problems,bilateral,meeting,,,,,,
EU_en_Pres3-100_14,euratom,http://eurovoc.europa.eu/2563,radioactivity,http://eurovoc.europa.eu/2563,14,EU_en_Pres3-100,0.00854,storage,capacity,radioactive,plant,waste,treaty,supply,materials,chapter,euratom,construction,safety,industrial,stations,,,,,,
EU_en_Pres3-100_15,pump,http://eurovoc.europa.eu/2563,compression,http://eurovoc.europa.eu/2563,15,EU_en_Pres3-100,0.00772,air,exhaust,sampling,bo,type,gases,item,cent,pressure,speed,measured,system,calibration,pump,,,,,,
EU_en_Pres3-100_16,energy generation,http://eurovoc.europa.eu/2563,,,16,EU_en_Pres3-100,0.00842,year,mw,generating,projects,reported,plant,total,commissioning,nuclear,country,conventional,figures,coal,power,,,,,,
EU_en_Pres3-100_17,USA,http://eurovoc.europa.eu/2563,trade laws,http://eurovoc.europa.eu/2563,17,EU_en_Pres3-100,0.01601,law,government,international,measures,trade,companies,jurisdiction,european,june,states,administration,american,united,amendments,,,,,,
EU_en_Pres3-100_18,worker rights,http://eurovoc.europa.eu/2563,social contract,http://eurovoc.europa.eu/2563,18,EU_en_Pres3-100,0.02186,duration,contract,businesses,fixed,labour,directive,social,contracts,undertaking,supply,worker,employees,user,remuneration,,,,,,
EU_en_Pres3-100_19,market,http://eurovoc.europa.eu/2563,,,19,EU_en_Pres3-100,0.04116,action,support,european,innovation,market,promote,management,actions,communication,member,creation,develop,field,industrial,,,,,,
EU_en_Pres3-100_20,power generation,http://eurovoc.europa.eu/2563,,,20,EU_en_Pres3-100,0.00506,community,electrical,air,ii,parts,intended,rate,articles,sound,including,circuits,power,valves,motors,,,,,,
EU_en_Pres3-100_21,animal safety,http://eurovoc.europa.eu/2563,,,21,EU_en_Pres3-100,0.01536,animals,aid,foot,mouth,measure,council,areas,Greece,common,holding,species,improvement,guidance,regions,,,,,,
EU_en_Pres3-100_22,,,,,22,EU_en_Pres3-100,0.00628,participants,task,participant,proprietary,committee,executive,agreement,work,countries,arising,water,will,programme,operation,,,,,,
EU_en_Pres3-100_23,production improvement,http://eurovoc.europa.eu/2563,,,23,EU_en_Pres3-100,0.17113,large,three,specific,production,improve,field,main,general,time,sectors,provide,well,level,view,,,,,,
EU_en_Pres3-100_24,,,,,24,EU_en_Pres3-100,0.06853,programmes,technical,commission,years,financial,interest,second,national,study,term,carried,year,sector,budget,,,,,,
EU_en_Pres3-100_25,insurance,http://eurovoc.europa.eu/2563,,,25,EU_en_Pres3-100,0.0102,regulation,article,employed,person,insurance,competent,concerned,territory,residence,provisions,family,social,implementing,place,,,,,,
EU_en_Pres3-100_26,social justice,http://eurovoc.europa.eu/2563,,,26,EU_en_Pres3-100,0.02381,social,vocational,operations,applications,assistance,regions,workers,persons,priority,women,decision,labour,aid,unemployment,,,,,,
EU_en_Pres3-100_27,foreign workers,http://eurovoc.europa.eu/2563,,,27,EU_en_Pres3-100,0.02948,imports,authorities,annex,year,referred,competent,category,countries,consultations,subject,paragraph,import,export,limit,,,,,,
EU_en_Pres3-100_28,agriculture,http://eurovoc.europa.eu/2563,,,28,EU_en_Pres3-100,0.01599,rural,developing,food,agricultural,region,world,centre,training,central,operations,assistance,construction,acquisition,America,,,,,,
EU_en_Pres3-100_29,trade raw material,http://eurovoc.europa.eu/2563,,,29,EU_en_Pres3-100,0.01049,arrangement,cold,strip,states,alloy,covered,export,united,licences,exports,carbon,coated,product,community,,,,,,
EU_en_Pres3-100_30,remuneration,http://eurovoc.europa.eu/2563,,,30,EU_en_Pres3-100,0.01863,anti,originating,provisional,investigation,injury,definitive,price,prices,dumped,german,republic,evidence,concerned,industry,,,,,,
EU_en_Pres3-100_31,grants,http://eurovoc.europa.eu/2563,,,31,EU_en_Pres3-100,0.01207,granted,financial,sector,supported,amount,granting,council,decision,contract,commission,development,hops,plantations,rate,,,,,,
EU_en_Pres3-100_32,tax,http://eurovoc.europa.eu/2563,,,32,EU_en_Pres3-100,0.03039,commission,regulation,budget,accounts,revenue,contributions,national,sixth,proposed,base,method,transactions,tax,annual,,,,,,
EU_en_Pres3-100_33,,,,,33,EU_en_Pres3-100,0.01152,commercial,convention,decision,friendship,agreement,country,countries,exchange,states,third,trade,community,member,patent,,,,,,
EU_en_Pres3-100_34,,,,,34,EU_en_Pres3-100,0.04827,payments,chapter,article,total,payment,commitments,year,carried,utilization,rate,measures,item,member,commitment,,,,,,
EU_en_Pres3-100_35,loans,http://eurovoc.europa.eu/2563,,,35,EU_en_Pres3-100,0.01512,countries,financing,EDF,article,cooperation,Stabex,resources,total,technical,second,territories,eib,project,loans,,,,,,
EU_en_Pres3-100_36,inheritance,http://eurovoc.europa.eu/2563,,,36,EU_en_Pres3-100,0.01067,will,heritage,workers,activities,action,regions,works,work,Europe,social,parliament,public,regional,states,,,,,,
EU_en_Pres3-100_37,,,,,37,EU_en_Pres3-100,0.01915,Japan,community,interest,aircraft,terms,rate,textiles,negotiations,credit,supported,officially,rates,agreement,international,,,,,,
EU_en_Pres3-100_38,,,,,38,EU_en_Pres3-100,0.08521,united,Netherlands,states,total,table,Belgium,Denmark,Luxembourg,figures,rate,french,federal,number,community,,,,,,
EU_en_Pres3-100_39,,,,,39,EU_en_Pres3-100,0.00311,commitments,payments,change,col,proposed,entiated,including,action,chapter,aid,priations,differ,compul,entered,,,,,,
EU_en_Pres3-100_40,,,,,40,EU_en_Pres3-100,0.01322,quota,catches,community,Sweden,quotas,area,stocks,ices,south,sea,tonnes,east,cod,herring,,,,,,
EU_en_Pres3-100_41,,,,,41,EU_en_Pres3-100,0.00743,retail,specific,harmonization,ad,valorem,stage,member,multiplier,prices,total,approach,incidence,rates,cigarette,,,,,,
EU_en_Pres3-100_42,job creation,http://eurovoc.europa.eu/2563,,,42,EU_en_Pres3-100,0.02214,reduction,social,labour,unemployment,workers,effects,week,wage,job,jobs,creation,compensation,production,economic,,,,,,
EU_en_Pres3-100_43,nuclear safety,http://eurovoc.europa.eu/2563,,,43,EU_en_Pres3-100,0.01825,safety,reference,nuclear,energy,measurements,will,fusion,sara,management,raw,super,scientific,reactor,work,,,,,,
EU_en_Pres3-100_44,eec,http://eurovoc.europa.eu/2563,health animal products,http://eurovoc.europa.eu/2563,44,EU_en_Pres3-100,0.02022,establishments,commission,eec,list,article,council,health,veterinary,member,provisions,inspection,approved,third,animals,,,,,,
EU_en_Pres3-100_45,employment in Europe,http://eurovoc.europa.eu/2563,,,45,EU_en_Pres3-100,0.01893,Europe,technological,work,long,development,programme,social,society,world,employment,technologies,services,change,science,,,,,,
EU_en_Pres3-100_46,agriculture aid,http://eurovoc.europa.eu/2563,,,46,EU_en_Pres3-100,0.01693,community,aid,intervention,commission,measures,regulation,fixed,agricultural,marketing,proposed,proposals,eec,threshold,seed,,,,,,
EU_en_Pres3-100_47,meat trade,http://eurovoc.europa.eu/2563,North Africa,http://eurovoc.europa.eu/2563,47,EU_en_Pres3-100,0.0116,framework,supplies,authorities,securities,Egypt,Tunisia,Algeria,agreements,meat,long,beef,imports,wheat,delegation,,,,,,
EU_en_Pres3-100_48,science,http://eurovoc.europa.eu/2563,,,48,EU_en_Pres3-100,0.02023,stimulation,activity,science,action,national,methods,data,countries,fields,network,teams,evaluation,developing,experimental,,,,,,
EU_en_Pres3-100_49,currency,http://eurovoc.europa.eu/2563,,,49,EU_en_Pres3-100,0.01338,exchange,orders,rate,term,ems,currencies,trade,capacity,shipping,conference,currency,credit,financial,banks,,,,,,
EU_en_Pres3-100_50,loans,http://eurovoc.europa.eu/2563,,,50,EU_en_Pres3-100,0.0308,financial,community,commission,steel,loan,granted,balance,lending,industry,capital,december,european,borrowing,investments,,,,,,
EU_en_Pres3-100_51,,,,,51,EU_en_Pres3-100,0.0555,producers,year,organization,basic,system,sector,amount,premium,granted,prices,production,rules,sugar,producer,,,,,,
EU_en_Pres3-100_52,heating sources,http://eurovoc.europa.eu/2563,,,52,EU_en_Pres3-100,0.01003,heating,project,toe,saving,waste,industrial,water,ee,sources,systems,fuels,low,savings,geothermal,,,,,,
EU_en_Pres3-100_53,basic products,http://eurovoc.europa.eu/2563,,,53,EU_en_Pres3-100,0.0243,skimmed,tonnes,community,cereals,Ecu,butteroil,UNRWA,products,reserves,convention,council,april,funds,quantities,,,,,,
EU_en_Pres3-100_54,,,,,54,EU_en_Pres3-100,0.05035,share,tariff,State,reserves,initial,article,commission,imports,question,period,second,ensure,draw,economic,,,,,,
EU_en_Pres3-100_55,,,,,55,EU_en_Pres3-100,0.13581,will,average,situation,demand,increased,prices,total,reduction,trend,reduced,period,higher,production,countries,,,,,,
EU_en_Pres3-100_56,refunds,http://eurovoc.europa.eu/2563,,,56,EU_en_Pres3-100,0.01484,butter,licences,tonnes,embargo,refunds,issued,financial,zealand,control,budget,refund,point,exported,import,,,,,,
EU_en_Pres3-100_57,clothing,http://eurovoc.europa.eu/2563,,,57,EU_en_Pres3-100,0.01001,garments,community,cotton,crocheted,outer,elastic,man,wool,rubberized,yarn,women,articles,goods,men,,,,,,
EU_en_Pres3-100_58,allowance,http://eurovoc.europa.eu/2563,,,58,EU_en_Pres3-100,0.03495,financial,expenses,equipment,office,budget,social,year,committee,allowances,general,regulations,posts,communities,article,,,,,,
EU_en_Pres3-100_59,territorial waters,http://eurovoc.europa.eu/611,,,59,EU_en_Pres3-100,0.02289,sea,international,concerning,conference,area,areas,pollution,council,recommendation,mediterranean,meeting,protected,marine,united,,,,,,
EU_en_Pres3-100_60,,,,,60,EU_en_Pres3-100,0.24085,proposal,community,european,applicable,economic,establishing,amended,treaty,commission,force,application,period,rules,amending,,,,,,
EU_en_Pres3-100_61,machinery,http://eurovoc.europa.eu/2563,,,61,EU_en_Pres3-100,0.00417,description,free,machines,Africa,machinery,wire,steel,tools,glass,commonly,plates,european,concessions,item,,,,,,
EU_en_Pres3-100_62,basic products,http://eurovoc.europa.eu/2563,,,62,EU_en_Pres3-100,0.00794,Yugoslavia,annex,paper,listed,duties,glass,community,article,heading,articles,agreement,wood,including,originating,,,,,,
EU_en_Pres3-100_63,,,,,63,EU_en_Pres3-100,0.20809,provisions,paragraph,referred,concerned,provided,procedure,subject,case,laid,committee,set,time,articles,opinion,,,,,,
EU_en_Pres3-100_64,south-east asia,http://eurovoc.europa.eu/2563,trade,http://eurovoc.europa.eu/2563,64,EU_en_Pres3-100,0.02863,imports,european,manioc,Thailand,cheese,article,concerning,council,concessions,consultations,quantities,tariff,import,Indonesia,,,,,,
EU_en_Pres3-100_65,infrastructure,http://eurovoc.europa.eu/2563,,,65,EU_en_Pres3-100,0.01068,passenger,total,interest,benefits,rail,roads,road,financial,infrastructure,goods,undertakings,report,decision,State,,,,,,
EU_en_Pres3-100_66,alcohol,http://eurovoc.europa.eu/2563,,,66,EU_en_Pres3-100,0.01233,wines,processing,spirituous,product,article,strength,produced,aromatized,sparkling,waste,quality,provisions,rules,ethyl,,,,,,
EU_en_Pres3-100_67,,,,,67,EU_en_Pres3-100,0.01883,oj,community,Ecu,preliminary,draft,general,eec,regulation,entered,article,financial,commission,european,commitments,,,,,,
EU_en_Pres3-100_68,trade goods,http://eurovoc.europa.eu/2563,,,68,EU_en_Pres3-100,0.01775,taxable,member,description,State,statistical,kind,formalities,packages,origin,document,country,procedure,arrangements,declaration,,,,,,
EU_en_Pres3-100_69,cooled products,http://eurovoc.europa.eu/2563,,,69,EU_en_Pres3-100,0.0142,Ecu,sugar,beneficiary,weight,fresh,annex,including,frozen,exceeding,bb,ii,excluding,chilled,content,,,,,,
EU_en_Pres3-100_70,software industry,http://eurovoc.europa.eu/1696,,,70,EU_en_Pres3-100,0.01175,european,system,feasibility,software,support,informatics,ada,projects,applications,development,users,committee,computer,management,,,,,,
EU_en_Pres3-100_71,,,,,71,EU_en_Pres3-100,0.01677,producer,decision,industry,article,measures,organizations,member,restructuring,members,State,steel,government,marketing,granted,,,,,,
EU_en_Pres3-100_72,chemical products,http://eurovoc.europa.eu/2563,,,72,EU_en_Pres3-100,0.00433,public,air,workers,members,exposure,concentration,exposed,year,table,footnotes,form,oxides,hydroxides,compounds,,,,,,
EU_en_Pres3-100_73,ecology,http://eurovoc.europa.eu/2563,agriculture,http://eurovoc.europa.eu/2563,73,EU_en_Pres3-100,0.0218,terms,development,support,income,real,national,agriculture,rates,member,green,Ecu,trade,labour,price,,,,,,
EU_en_Pres3-100_74,pollution,http://eurovoc.europa.eu/2563,,,74,EU_en_Pres3-100,0.0188,pollution,substances,mercury,quality,values,objectives,eec,protection,treatment,natural,water,proposal,soil,discharges,,,,,,
EU_en_Pres3-100_75,letters,http://eurovoc.europa.eu/2563,,,75,EU_en_Pres3-100,0.03549,exchange,letters,protocol,government,form,letter,communities,council,will,honour,confirm,parties,article,concerning,,,,,,
EU_en_Pres3-100_76,,,,,76,EU_en_Pres3-100,0.01121,medical,additional,purposes,ministers,processed,point,animal,survey,conditions,draft,water,wood,human,member,,,,,,
EU_en_Pres3-100_77,industry,http://eurovoc.europa.eu/2563,,,77,EU_en_Pres3-100,0.01965,steel,company,treaty,article,jobs,industry,area,assent,council,application,bank,conversion,iron,dm,,,,,,
EU_en_Pres3-100_78,,,,,78,EU_en_Pres3-100,0.01553,regional,article,specific,measures,commission,measure,aid,fund,operations,economic,zones,programmes,regulation,AIDS,,,,,,
EU_en_Pres3-100_79,alcohol,http://eurovoc.europa.eu/2563,,,79,EU_en_Pres3-100,0.01468,price,article,regulation,producer,products,wines,eec,distiller,distilled,quantity,alcohol,table,aid,member,,,,,,
EU_en_Pres3-100_80,border control,http://eurovoc.europa.eu/2563,,,80,EU_en_Pres3-100,0.01785,tariffs,goods,carried,international,frontier,number,member,rules,infringements,operations,concerned,inspection,inspections,traffic,,,,,,
EU_en_Pres3-100_81,,,,,81,EU_en_Pres3-100,0.00647,solar,performance,design,task,COST,storage,participant,data,seasonal,work,country,large,scale,lead,,,,,,
EU_en_Pres3-100_82,,,,,82,EU_en_Pres3-100,0.0096,community,council,quality,european,year,prices,leaf,marketing,Ecu,fixed,milk,common,economic,intervention,,,,,,
EU_en_Pres3-100_83,social welfare,http://eurovoc.europa.eu/2563,,,83,EU_en_Pres3-100,0.03545,social,investment,policies,employment,interest,rates,financial,balance,expenditure,countries,inflation,measures,economy,budget,,,,,,
EU_en_Pres3-100_84,,,,,84,EU_en_Pres3-100,0.0047,weight,form,circuit,contained,dimensions,marking,housing,exceed,integrated,capacity,monolithic,bits,description,relating,,,,,,
EU_en_Pres3-100_85,,,,,85,EU_en_Pres3-100,0.00824,awarded,tender,nr,official,works,total,type,number,prohibition,nature,batch,withdrawal,livrance,interdiction,,,,,,
EU_en_Pres3-100_86,energy,http://eurovoc.europa.eu/2563,,,86,EU_en_Pres3-100,0.02121,electricity,coal,supplies,supply,consumption,prices,community,states,investment,demand,imports,toe,fuels,nuclear,,,,,,
EU_en_Pres3-100_87,Greece,http://eurovoc.europa.eu/2563,,,87,EU_en_Pres3-100,0.02414,republic,trade,hellenic,economic,accession,additional,textile,Greece,article,negotiations,imports,communities,council,India,,,,,,
EU_en_Pres3-100_88,alcohol,http://eurovoc.europa.eu/2563,,,88,EU_en_Pres3-100,0.00563,products,designation,de,transport,tariff,described,certify,litres,alcohol,hectolitres,considered,community,holding,containers,,,,,,
EU_en_Pres3-100_89,,,,,89,EU_en_Pres3-100,0.22347,il,iii,account,ot,es,cf,iv,en,st,de,ion,le,er,te,,,,,,
EU_en_Pres3-100_90,,,,,90,EU_en_Pres3-100,0.02546,proposal,parliament,legal,business,second,respect,paragraph,guarantee,expenses,eec,credit,person,assistance,laws,,,,,,
EU_en_Pres3-100_91,printing,http://eurovoc.europa.eu/2563,,,91,EU_en_Pres3-100,0.01081,imports,printing,writing,protocol,products,agreement,customs,ceiling,duties,paperboard,tariff,wood,commission,pulp,,,,,,
EU_en_Pres3-100_92,,,,,92,EU_en_Pres3-100,0.01695,european,communities,agreement,relations,external,note,additional,government,protocol,honour,commission,refer,opportunity,renew,,,,,,
EU_en_Pres3-100_93,fisheries policy,http://eurovoc.europa.eu/2476,,,93,EU_en_Pres3-100,0.01738,licence,licences,zone,community,species,point,annex,catches,flag,fisheries,flying,fishery,commission,quantity,,,,,,
EU_en_Pres3-100_94,Portugal,http://eurovoc.europa.eu/2563,,,94,EU_en_Pres3-100,0.01531,directive,amended,portuguese,june,decision,july,december,Portugal,laying,accession,marketing,delegation,acts,rules,,,,,,
EU_en_Pres3-100_95,machinery,http://eurovoc.europa.eu/2563,,,95,EU_en_Pres3-100,0.01019,machines,steel,apparatus,metal,iron,example,electric,falling,articles,weighing,base,exceeding,plates,tariff,,,,,,
EU_en_Pres3-100_96,financing,http://eurovoc.europa.eu/2563,,,96,EU_en_Pres3-100,0.01567,payments,special,Ireland,will,net,figure,amount,budget,civil,salaries,service,financing,servants,compensatory,,,,,,
EU_en_Pres3-100_97,,,,,97,EU_en_Pres3-100,0.03388,products,transitional,will,countries,delegation,vis,period,portuguese,statement,measures,arrangements,negotiations,commission,position,,,,,,
EU_en_Pres3-100_98,,,,,98,EU_en_Pres3-100,0.01819,investment,infrastructure,grants,assistance,regions,development,total,investments,commission,quota,areas,policy,programmes,industry,,,,,,
EU_en_Pres3-100_99,automobile manufacture,http://eurovoc.europa.eu/1361,,,99,EU_en_Pres3-100,0.0158,materials,components,petrol,technical,ignition,engines,devices,oil,manufacturers,type,substitute,annex,cars,production,,,,,,
EU_en_Pres3-50_0,,,,,0,EU_en_Pres3-50,0.0104,including,apparatus,parts,products,articles,heading,electrical,duty,falling,community,ii,materials,machines,electric,rate,andere,example,weighing,air,
EU_en_Pres3-50_1,,,,,1,EU_en_Pres3-50,0.06185,agreement,community,european,protocol,economic,republic,council,article,letters,exchange,contracting,parties,force,form,will,unchanged,negotiations,government,communities,
EU_en_Pres3-50_2,,,,,2,EU_en_Pres3-50,0.02853,training,fund,people,young,social,employment,vocational,operations,applications,assistance,workers,commission,programmes,member,regions,persons,priority,women,aid,
EU_en_Pres3-50_3,,,,,3,EU_en_Pres3-50,0.03836,prices,agricultural,rate,inflation,rates,incomes,agriculture,development,terms,income,national,support,real,increase,Ecu,member,period,price,average,
EU_en_Pres3-50_4,,,,,4,EU_en_Pres3-50,0.03177,aid,programme,food,countries,Ecu,milk,developing,powder,total,programmes,products,budget,funds,tonnes,skimmed,cereals,will,assistance,convention,
EU_en_Pres3-50_5,,,,,5,EU_en_Pres3-50,0.02481,energy,oil,projects,gas,coal,heat,community,electricity,demonstration,toe,project,heating,solar,investment,year,production,natural,fuels,consumption,
EU_en_Pres3-50_6,,,,,6,EU_en_Pres3-50,0.00787,quotas,leather,products,articles,subject,textile,including,category,rubber,outer,december,imports,decision,gloves,uppers,lists,fabric,eec,flax,
EU_en_Pres3-50_7,,,,,7,EU_en_Pres3-50,0.0224,community,republic,protocol,european,agreement,mission,communities,general,directorate,additional,products,relations,external,note,hellenic,accession,government,commission,honour,
EU_en_Pres3-50_8,,,,,8,EU_en_Pres3-50,0.01615,textile,products,woven,fabrics,fibres,quantitative,knitted,community,garments,cotton,crocheted,limits,article,outer,man,elastic,country,wool,category,
EU_en_Pres3-50_9,,,,,9,EU_en_Pres3-50,0.01842,tax,price,cigarettes,tobacco,excise,member,retail,total,harmonization,specific,states,prices,stage,ad,valorem,rates,taxation,approach,market,
EU_en_Pres3-50_10,,,,,10,EU_en_Pres3-50,0.01425,support,project,de,projects,committee,contract,supplies,centre,equipment,total,informatics,development,construction,lot,medical,hydrocarbons,supply,acquisition,awarded,
EU_en_Pres3-50_11,,,,,11,EU_en_Pres3-50,0.11231,member,states,article,directive,State,commission,provisions,respect,paragraph,case,referred,insurance,financial,VAT,provided,amount,payment,persons,resources,
EU_en_Pres3-50_12,,,,,12,EU_en_Pres3-50,0.03878,kingdom,united,Ireland,total,figures,year,planned,construction,Netherlands,report,capacity,Germany,sets,number,Italy,transport,thermal,France,projects,
EU_en_Pres3-50_13,,,,,13,EU_en_Pres3-50,0.02191,convention,parties,protocol,commerce,states,contracting,acp,treaty,sea,party,law,united,concerning,pollution,notes,jurisdiction,areas,navigation,international,
EU_en_Pres3-50_14,,,,,14,EU_en_Pres3-50,0.04048,eec,council,decision,regulation,community,commission,december,european,oj,acts,examination,concerning,agreement,states,amending,annex,ii,accession,ECSC,
EU_en_Pres3-50_15,,,,,15,EU_en_Pres3-50,0.01995,fishing,vessels,vessel,fisheries,north,catches,species,zone,fishery,referred,licence,licences,community,fish,west,point,annex,area,Norway,
EU_en_Pres3-50_16,,,,,16,EU_en_Pres3-50,0.03824,staff,appropriation,officials,cover,financial,expenditure,budget,committee,posts,year,expenses,general,members,regulations,article,allowances,court,communities,service,
EU_en_Pres3-50_17,,,,,17,EU_en_Pres3-50,0.05611,community,production,year,prices,market,tonnes,consumption,countries,increase,member,imports,total,exports,milk,world,price,states,products,butter,
EU_en_Pres3-50_18,,,,,18,EU_en_Pres3-50,0.01368,steel,will,coal,sheet,hot,peat,brown,steels,development,rolled,years,control,surface,strip,high,properties,Ecu,furnace,methods,
EU_en_Pres3-50_19,,,,,19,EU_en_Pres3-50,0.02575,regions,development,aid,measures,programme,special,regional,measure,community,tourism,specific,areas,fund,programmes,operations,AIDS,agricultural,industry,services,
EU_en_Pres3-50_20,,,,,20,EU_en_Pres3-50,0.03015,appropriations,expenditure,budget,Ecu,council,appropriation,community,oj,general,financial,draft,preliminary,regulation,eec,article,entered,european,total,commitments,
EU_en_Pres3-50_21,,,,,21,EU_en_Pres3-50,0.02422,acp,financing,financial,cooperation,loans,technical,export,terms,article,convention,countries,interest,projects,development,bank,lome,EDF,states,aid,
EU_en_Pres3-50_22,,,,,22,EU_en_Pres3-50,0.33882,regulation,article,council,eec,commission,community,proposal,member,regard,european,states,treaty,economic,paragraph,force,rules,establishing,referred,amended,
EU_en_Pres3-50_23,,,,,23,EU_en_Pres3-50,0.03892,Ecu,projects,mio,fund,regional,loans,investment,community,total,infrastructure,development,commission,financial,grants,assistance,project,interest,programmes,year,
EU_en_Pres3-50_24,,,,,24,EU_en_Pres3-50,0.03452,eec,regulation,commission,council,directive,community,amended,portuguese,june,decision,december,july,Portugal,marketing,laying,milk,products,accession,rules,
EU_en_Pres3-50_25,,,,,25,EU_en_Pres3-50,0.04181,goods,transport,customs,member,community,states,State,transit,services,trade,debt,authorities,road,traffic,provisions,tariffs,procedure,formalities,international,
EU_en_Pres3-50_26,,,,,26,EU_en_Pres3-50,0.02405,time,working,workers,employment,work,temporary,hours,reduction,social,labour,duration,permanent,jobs,unemployment,effects,week,job,wage,employees,
EU_en_Pres3-50_27,,,,,27,EU_en_Pres3-50,0.198,ii,june,ot,ir,tha,tho,il,oi,ar,es,de,account,ol,st,en,er,la,ion,ia,
EU_en_Pres3-50_28,,,,,28,EU_en_Pres3-50,0.06518,member,quota,states,tariff,community,shares,share,State,reserves,initial,imports,commission,article,customs,products,question,period,economic,ensure,
EU_en_Pres3-50_29,,,,,29,EU_en_Pres3-50,0.01688,participants,will,annex,storage,operating,task,agent,participant,energy,system,work,systems,executive,agreement,phase,committee,programme,performance,COST,
EU_en_Pres3-50_30,,,,,30,EU_en_Pres3-50,0.02555,technology,activities,european,scientific,development,fast,programme,Europe,technological,community,technologies,biotechnology,term,work,long,science,technical,will,services,
EU_en_Pres3-50_31,,,,,31,EU_en_Pres3-50,0.03368,directive,protection,health,committee,environment,programme,safety,work,substances,member,measures,disease,action,pollution,states,council,animals,commission,quality,
EU_en_Pres3-50_32,,,,,32,EU_en_Pres3-50,0.00755,mm,tho,vehicle,identification,consisting,gas,figures,test,weight,combinations,flow,exhaust,form,type,contained,exceed,circuit,capacity,vehicles,
EU_en_Pres3-50_33,,,,,33,EU_en_Pres3-50,0.0407,appropriations,Ecu,expenditure,total,payments,budget,compulsory,financial,commitments,chapter,year,carried,article,utilization,rate,payment,entered,measures,supplementary,
EU_en_Pres3-50_34,,,,,34,EU_en_Pres3-50,0.03808,price,aid,prices,production,market,products,marketing,commission,increase,intervention,Ecu,year,fixed,producers,measures,regulation,proposed,will,community,
EU_en_Pres3-50_35,,,,,35,EU_en_Pres3-50,0.27524,will,commission,community,council,level,problems,order,view,years,number,basis,increase,measures,account,based,report,major,case,concerned,
EU_en_Pres3-50_36,,,,,36,EU_en_Pres3-50,0.04697,community,Spain,products,countries,spanish,accession,Portugal,will,transitional,arrangements,commission,delegation,negotiations,vis,measures,duties,period,tariff,statement,
EU_en_Pres3-50_37,,,,,37,EU_en_Pres3-50,0.03381,ECSC,coal,loan,steel,will,commission,industry,article,aid,loans,treaty,project,decision,company,AIDS,capital,interest,general,jobs,
EU_en_Pres3-50_38,,,,,38,EU_en_Pres3-50,0.01377,limit,intake,annual,inhalation,exposure,exposed,air,public,workers,derived,concentration,members,table,year,footnotes,form,asbestos,oxides,compounds,
EU_en_Pres3-50_39,,,,,39,EU_en_Pres3-50,0.01247,benefits,member,State,institution,article,legislation,regulation,person,employed,competent,insurance,provisions,concerned,territory,social,residence,family,persons,implementing,
EU_en_Pres3-50_40,,,,,40,EU_en_Pres3-50,0.09649,community,development,policy,states,commission,will,member,action,economic,countries,european,international,general,council,work,common,developing,resources,cooperation,
EU_en_Pres3-50_41,,,,,41,EU_en_Pres3-50,0.03922,programme,projects,data,project,systems,will,study,development,european,processing,system,technology,software,management,design,computer,report,pilot,work,
EU_en_Pres3-50_42,,,,,42,EU_en_Pres3-50,0.05743,community,countries,commission,imports,trade,arrangement,GATT,agreements,negotiations,export,exports,decision,article,provisions,committee,dumping,consultations,third,meat,
EU_en_Pres3-50_43,,,,,43,EU_en_Pres3-50,0.02136,regulation,eec,article,price,regard,marketing,year,community,quality,prices,council,european,products,fixed,leaf,Ecu,common,milk,market,
EU_en_Pres3-50_44,,,,,44,EU_en_Pres3-50,0.01969,wine,wines,origin,distillation,products,alcohol,description,price,packages,country,kind,article,alcoholic,produced,beverages,referred,transport,strength,regulation,
EU_en_Pres3-50_45,,,,,45,EU_en_Pres3-50,0.00691,duty,excluding,rates,bound,machines,products,including,south,steel,parts,machinery,wire,description,iron,free,plates,materials,tools,heading,
EU_en_Pres3-50_46,,,,,46,EU_en_Pres3-50,0.01472,nuclear,waste,reprocessing,fuel,sludge,materials,safety,energy,power,storage,member,jrc,treaty,radioactive,capacity,reactor,disposal,plant,plants,
EU_en_Pres3-50_47,,,,,47,EU_en_Pres3-50,0.03555,tariff,customs,products,common,duty,Ecu,falling,duties,subheading,fruit,regulation,sugar,ii,weight,frozen,excluding,fresh,community,exceeding,
EU_en_Pres3-50_48,,,,,48,EU_en_Pres3-50,0.01589,products,paper,ceilings,imports,states,duties,hellenic,countries,annex,wood,allocated,including,customs,excluding,territories,republic,Yugoslavia,member,waste,
EU_en_Pres3-50_49,,,,,49,EU_en_Pres3-50,0.03665,economic,policy,growth,rate,countries,investment,public,rates,monetary,financial,community,policies,social,year,measures,interest,balance,situation,european,
